<?xml version="1.0" encoding="UTF-8"?>
<definition is_island="true" tile_type="2" is_purchasable="true" purchase_cost="80000">
	<meshes>
		<mesh id="mesh0" file_name="meshes/arid_mainland/arid_island_26_14.mesh">
			<transform/>
		</mesh>
		<mesh id="mesh1" file_name="meshes/arid_mainland_assets/arid_mainland_drydock.mesh">
			<transform 00="-0.965926" 02="-0.258819" 20="0.258819" 22="-0.965926" 30="376.85788" 31="8.6347" 32="-283.182861"/>
		</mesh>
		<mesh id="mesh2" file_name="meshes/arid_mainland_assets/arid_mainland_drydock_rails.mesh">
			<transform 00="-0.965926" 02="-0.258819" 20="0.258819" 22="-0.965926" 30="376.85788" 31="8.634335" 32="-283.182861"/>
		</mesh>
		<mesh id="mesh3" file_name="meshes/arid_mainland_assets/arid_mainland_drydock_cover.mesh">
			<transform 00="-0.965926" 02="-0.258819" 20="0.258819" 22="-0.965926" 30="376.85788" 31="8.634335" 32="-283.182861"/>
		</mesh>
		<mesh id="mesh4" file_name="meshes/arid_mainland_assets/arid_mainland_drydock_cover_rails.mesh">
			<transform 00="-0.965926" 02="-0.258819" 20="0.258819" 22="-0.965926" 30="323.447693" 31="8.188969" 32="64.904907"/>
		</mesh>
		<mesh id="mesh5" file_name="meshes/arid_mainland_assets/arid_mainland_drydock_cover_rails.mesh">
			<transform 00="0.965926" 02="0.258819" 20="-0.258819" 22="0.965926" 30="285.999451" 31="8.188969" 32="-125.801506"/>
		</mesh>
		<mesh id="mesh6" file_name="meshes/arid_mainland_assets/arid_mainland_drydock_rails_b.mesh">
			<transform 00="-0.965926" 02="-0.258819" 20="0.258819" 22="-0.965926" 30="376.85788" 31="8.634335" 32="-283.182861"/>
		</mesh>
		<mesh id="mesh7" file_name="meshes/workbench.mesh">
			<transform 00="-0.965926" 02="-0.258819" 20="0.258819" 22="-0.965926" 30="-176.002335" 31="9.489544" 32="109.589867"/>
		</mesh>
		<mesh id="mesh8" file_name="meshes/workbench.mesh">
			<transform 00="0.965926" 02="0.258819" 20="-0.258819" 22="0.965926" 30="-193.309952" 31="9.489544" 32="104.952309"/>
		</mesh>
		<mesh id="mesh9" file_name="meshes/workbench.mesh">
			<transform 00="0.965926" 02="0.258819" 20="-0.258819" 22="0.965926" 30="267.503296" 31="9.489544" 32="-40.586189"/>
		</mesh>
		<mesh id="sale_sign_mesh" parent_id="sale_sign_interact" file_name="meshes/for_sale_sign.mesh">
			<transform 30="-143.54509" 31="8.610018" 32="38.934704"/>
		</mesh>
		<mesh id="mesh11" file_name="meshes/arid_mainland_assets/flatpack_house.mesh">
			<transform 00="0.965926" 02="0.258819" 20="-0.258819" 22="0.965926" 30="-110.597191" 31="8.639879" 32="51.144958"/>
		</mesh>
		<mesh id="p_door" file_name="meshes/arid_mainland_assets/flatpack_door.mesh">
			<transform 00="0.965926" 02="0.258819" 20="-0.258819" 22="0.965926" 30="-107.666702" 31="8.714862" 32="52.134617"/>
		</mesh>
		<mesh id="p_door_2" file_name="meshes/arid_mainland_assets/flatpack_door.mesh">
			<transform 00="0.258819" 02="-0.965926" 20="0.965926" 22="0.258819" 30="-108.711098" 31="8.714862" 32="53.178272"/>
		</mesh>
		<mesh id="runway" file_name="meshes/arid_mainland_assets/arid_runway.mesh">
			<transform 00="-0.258819" 02="0.965926" 20="-0.965926" 22="-0.258819" 30="-210.802505" 31="8.631" 32="-632.515747"/>
		</mesh>
		<mesh id="hangar" file_name="meshes/ultimate_base_hangar.mesh">
			<transform 00="0.258819" 02="-0.965926" 20="0.965926" 22="0.258819" 30="-387.543793" 31="8.631" 32="-480.134338"/>
		</mesh>
		<mesh id="h_door_01" file_name="meshes/mainland_assets/door_hangar_v2.mesh">
			<transform 00="0.258819" 02="-0.965926" 20="0.965926" 22="0.258819" 30="-267.982605" 31="8.6248" 32="-437.32132"/>
		</mesh>
		<mesh id="h_door_02" file_name="meshes/mainland_assets/door_hangar_v2.mesh">
			<transform 00="0.258819" 02="-0.965926" 20="0.965926" 22="0.258819" 30="-261.309753" 31="8.6248" 32="-435.302734"/>
		</mesh>
		<mesh id="h_door_03" file_name="meshes/mainland_assets/door_hangar_v2.mesh">
			<transform 00="0.258819" 02="-0.965926" 20="0.965926" 22="0.258819" 30="-254.653763" 31="8.6248" 32="-433.288513"/>
		</mesh>
		<mesh id="h_door_04" file_name="meshes/mainland_assets/door_hangar_v2.mesh">
			<transform 00="0.258819" 02="-0.965926" 20="0.965926" 22="0.258819" 30="-247.404602" 31="8.6248" 32="-431.3461"/>
		</mesh>
		<mesh id="h_door_05" file_name="meshes/mainland_assets/door_hangar_v2.mesh">
			<transform 00="0.258819" 02="-0.965926" 20="0.965926" 22="0.258819" 30="-240.575851" 31="8.6248" 32="-429.747101"/>
		</mesh>
		<mesh id="h_door_06" file_name="meshes/mainland_assets/door_hangar_v2.mesh">
			<transform 00="0.258819" 02="-0.965926" 20="0.965926" 22="0.258819" 30="-233.644638" 31="8.6248" 32="-428.120514"/>
		</mesh>
		<mesh id="mesh24" file_name="meshes/workbench.mesh">
			<transform 00="-0.963579" 02="-0.267424" 20="0.267424" 22="-0.963579" 30="-225.782791" 31="9.550938" 32="-420.739685"/>
		</mesh>
		<mesh id="h_door_base" file_name="meshes/door_research_base.mesh">
			<transform 00="0.258819" 02="-0.965926" 20="0.965926" 22="0.258819" 30="-249.193069" 31="11.611291" 32="-376.605286"/>
		</mesh>
		<mesh id="h_door_base_2" file_name="meshes/door_research_base.mesh">
			<transform 00="0.258819" 02="-0.965926" 20="0.965926" 22="0.258819" 30="-249.191086" 31="8.635291" 32="-376.612701"/>
		</mesh>
		<mesh id="h_door" file_name="meshes/door_exterior.mesh">
			<transform 00="0.258819" 02="-0.965926" 20="0.965926" 22="0.258819" 30="-281.687134" 31="8.62924" 32="-429.535553"/>
		</mesh>
		<mesh id="mesh26" seasonal_flags="2" file_name="meshes/arid_mainland_assets/ultimate_base_xmas.mesh">
			<transform 00="0.258819" 02="-0.965926" 20="0.965926" 22="0.258819" 30="-387.543793" 31="8.631" 32="-480.134338"/>
		</mesh>
		<mesh id="halloween" seasonal_flags="1" file_name="meshes/arid_mainland_assets/ultimate_base_halloween.mesh">
			<transform 00="0.258819" 02="-0.965926" 20="0.965926" 22="0.258819" 30="-387.543793" 31="8.631" 32="-480.134338"/>
		</mesh>
	</meshes>
	<physics_objects/>
	<physics_meshes>
		<physics_mesh id="physics_mesh0" file_name="meshes/arid_mainland/arid_island_26_14.phys">
			<transform/>
		</physics_mesh>
		<physics_mesh id="physics_mesh1" file_name="meshes/arid_mainland_assets/arid_mainland_drydock_phys.phys">
			<transform 00="-0.965926" 02="-0.258819" 20="0.258819" 22="-0.965926" 30="376.85788" 31="8.6347" 32="-283.182861"/>
		</physics_mesh>
		<physics_mesh id="physics_mesh2" file_name="meshes/workbench_phys.phys">
			<transform 00="-0.965926" 02="-0.258819" 20="0.258819" 22="-0.965926" 30="-176.002335" 31="9.489544" 32="109.589867"/>
		</physics_mesh>
		<physics_mesh id="physics_mesh3" file_name="meshes/workbench_phys.phys">
			<transform 00="0.965926" 02="0.258819" 20="-0.258819" 22="0.965926" 30="-193.309952" 31="9.489544" 32="104.952309"/>
		</physics_mesh>
		<physics_mesh id="physics_mesh4" file_name="meshes/workbench_phys.phys">
			<transform 00="0.965926" 02="0.258819" 20="-0.258819" 22="0.965926" 30="267.503296" 31="9.489544" 32="-40.586189"/>
		</physics_mesh>
		<physics_mesh id="sale_sign_phys" parent_id="sale_sign_interact" file_name="meshes/for_sale_sign_phys.phys">
			<transform 30="-143.54509" 31="8.610018" 32="38.934704"/>
		</physics_mesh>
		<physics_mesh id="physics_mesh6" file_name="meshes/arid_mainland_assets/flatpack_house_phys.phys">
			<transform 00="0.965926" 02="0.258819" 20="-0.258819" 22="0.965926" 30="-110.597191" 31="8.639879" 32="51.144958"/>
		</physics_mesh>
		<physics_mesh id="p_door_phys" parent_id="p_door" file_name="meshes/arid_mainland_assets/flatpack_door_phys.phys">
			<transform 00="0.965926" 02="0.258819" 20="-0.258819" 22="0.965926" 30="-107.666702" 31="8.714862" 32="52.134617"/>
		</physics_mesh>
		<physics_mesh id="p_door_2_phys" parent_id="p_door_2" file_name="meshes/arid_mainland_assets/flatpack_door_phys.phys">
			<transform 00="0.258819" 02="-0.965926" 20="0.965926" 22="0.258819" 30="-108.711098" 31="8.714862" 32="53.178272"/>
		</physics_mesh>
		<physics_mesh id="runway_phys" file_name="meshes/arid_mainland_assets/arid_runway_phys.phys">
			<transform 00="-0.258819" 02="0.965926" 20="-0.965926" 22="-0.258819" 30="-210.802505" 31="8.631" 32="-632.515747"/>
		</physics_mesh>
		<physics_mesh id="physics_mesh10" file_name="meshes/mainland_assets/mainland_hanger_phys.phys">
			<transform 00="0.258819" 02="-0.965926" 20="0.965926" 22="0.258819" 30="-387.543793" 31="8.631" 32="-480.134338"/>
		</physics_mesh>
		<physics_mesh id="h_door_01_phys" parent_id="h_door_01" file_name="meshes/mainland_assets/door_hangar_v2_phys.phys">
			<transform 00="0.258819" 02="-0.965926" 20="0.965926" 22="0.258819" 30="-267.982605" 31="8.6248" 32="-437.32132"/>
		</physics_mesh>
		<physics_mesh id="h_door_02_phys" parent_id="h_door_02" file_name="meshes/mainland_assets/door_hangar_v2_phys.phys">
			<transform 00="0.258819" 02="-0.965926" 20="0.965926" 22="0.258819" 30="-261.309753" 31="8.6248" 32="-435.302734"/>
		</physics_mesh>
		<physics_mesh id="h_door_03_phys" parent_id="h_door_03" file_name="meshes/mainland_assets/door_hangar_v2_phys.phys">
			<transform 00="0.258819" 02="-0.965926" 20="0.965926" 22="0.258819" 30="-254.653763" 31="8.6248" 32="-433.288513"/>
		</physics_mesh>
		<physics_mesh id="h_door_04_phys" parent_id="h_door_04" file_name="meshes/mainland_assets/door_hangar_v2_phys.phys">
			<transform 00="0.258819" 02="-0.965926" 20="0.965926" 22="0.258819" 30="-247.404602" 31="8.6248" 32="-431.3461"/>
		</physics_mesh>
		<physics_mesh id="h_door_05_phys" parent_id="h_door_05" file_name="meshes/mainland_assets/door_hangar_v2_phys.phys">
			<transform 00="0.258819" 02="-0.965926" 20="0.965926" 22="0.258819" 30="-240.575851" 31="8.6248" 32="-429.747101"/>
		</physics_mesh>
		<physics_mesh id="h_door_06_phys" parent_id="h_door_06" file_name="meshes/mainland_assets/door_hangar_v2_phys.phys">
			<transform 00="0.258819" 02="-0.965926" 20="0.965926" 22="0.258819" 30="-233.644638" 31="8.6248" 32="-428.120514"/>
		</physics_mesh>
		<physics_mesh id="physics_mesh17" file_name="meshes/workbench_phys.phys">
			<transform 00="-0.965926" 02="-0.258819" 20="0.258819" 22="-0.965926" 30="-225.782791" 31="9.550938" 32="-420.739685"/>
		</physics_mesh>
		<physics_mesh id="h_door_base_phys" parent_id="h_door_base" file_name="meshes/door_hospital_phys.phys">
			<transform 00="0.258819" 02="-0.965926" 20="0.965926" 22="0.258819" 30="-249.193069" 31="11.611291" 32="-376.605286"/>
		</physics_mesh>
		<physics_mesh id="h_door_base_phys_2" parent_id="h_door_base_2" file_name="meshes/door_hospital_phys.phys">
			<transform 00="0.258819" 02="-0.965926" 20="0.965926" 22="0.258819" 30="-249.191086" 31="8.635291" 32="-376.612701"/>
		</physics_mesh>
		<physics_mesh id="h_door_phys" parent_id="h_door" file_name="meshes/door_hospital_phys.phys">
			<transform 00="0.258819" 02="-0.965926" 20="0.965926" 22="0.258819" 30="-281.687134" 31="8.62924" 32="-429.535553"/>
		</physics_mesh>
	</physics_meshes>
	<physics_dynamics/>
	<lights_omni>
		<light id="omni0" radius="100" is_render_halo="true">
			<transform 00="0.258819" 02="-0.965926" 20="0.965926" 22="0.258819" 30="304.744781" 31="45.731285" 32="-30.515219"/>
			<color x="46" y="48" z="50"/>
		</light>
		<light id="p_omni_a" radius="5" is_render_halo="true">
			<transform 00="0.965926" 02="0.258819" 20="-0.258819" 22="0.965926" 30="-106.554527" 31="11.115232" 32="54.177052"/>
			<color x="3" y="3" z="2.5"/>
		</light>
		<light id="p_omni_b" radius="20" is_render_halo="true">
			<transform 00="0.965926" 02="0.258819" 20="-0.258819" 22="0.965926" 30="-109.811241" 31="11.115232" 32="53.304417"/>
			<color x="1" y="1" z="1"/>
		</light>
		<light id="omni3" radius="0.5" is_render_halo="true">
			<transform 00="0.959712" 02="0.280987" 20="-0.280987" 22="0.959712" 30="-267.215485" 31="21.988489" 32="-438.431396"/>
			<color x="10" y="12" z="12"/>
		</light>
		<light id="omni4" radius="0.5" is_render_halo="true">
			<transform 00="0.97024" 02="0.242145" 20="-0.242145" 22="0.97024" 30="-256.45047" 31="21.988489" 32="-435.532471"/>
			<color x="10" y="12" z="12"/>
		</light>
		<light id="omni5" radius="0.5" is_render_halo="true">
			<transform 00="0.969624" 02="0.244599" 20="-0.244599" 22="0.969624" 30="-245.381851" 31="21.988489" 32="-432.681061"/>
			<color x="10" y="12" z="12"/>
		</light>
		<light id="omni6" radius="0.5" is_render_halo="true">
			<transform 00="0.972271" 02="0.233858" 20="-0.233858" 22="0.972271" 30="-235.058716" 31="21.940626" 32="-429.851471"/>
			<color x="10" y="12" z="12"/>
		</light>
		<light id="h_light_a" radius="25" is_render_halo="true">
			<transform 00="0.96254" 02="0.271139" 20="-0.271139" 22="0.96254" 30="-266.292389" 31="20.92103" 32="-421.001068"/>
			<color x="46" y="48" z="50"/>
		</light>
		<light id="h_light_b" radius="25" is_render_halo="true">
			<transform 00="0.961692" 02="0.274132" 20="-0.274132" 22="0.961692" 30="-254.955673" 31="20.92103" 32="-417.96759"/>
			<color x="46" y="48" z="50"/>
		</light>
		<light id="h_light_c" radius="25" is_render_halo="true">
			<transform 00="0.96268" 02="0.270643" 20="-0.270643" 22="0.96268" 30="-243.655777" 31="20.92103" 32="-414.929932"/>
			<color x="46" y="48" z="50"/>
		</light>
		<light id="h_light_d" radius="25" is_render_halo="true">
			<transform 00="0.961252" 02="0.275672" 20="-0.275672" 22="0.961252" 30="-270.456573" 31="20.92103" 32="-405.484558"/>
			<color x="46" y="48" z="50"/>
		</light>
		<light id="h_light_e" radius="25" is_render_halo="true">
			<transform 00="0.96358" 02="0.267421" 20="-0.267421" 22="0.96358" 30="-259.139435" 31="20.92103" 32="-402.423523"/>
			<color x="46" y="48" z="50"/>
		</light>
		<light id="h_light_f" radius="25" is_render_halo="true">
			<transform 00="0.971244" 02="0.238085" 20="-0.238085" 22="0.971244" 30="-247.81015" 31="20.92103" 32="-399.426239"/>
			<color x="46" y="48" z="50"/>
		</light>
		<light id="h_light_g" radius="25" is_render_halo="true">
			<transform 00="0.972973" 02="0.230919" 20="-0.230919" 22="0.972973" 30="-274.590607" 31="20.92103" 32="-390.016296"/>
			<color x="46" y="48" z="50"/>
		</light>
		<light id="h_light_h" radius="25" is_render_halo="true">
			<transform 00="0.971164" 02="0.238412" 20="-0.238412" 22="0.971164" 30="-263.265808" 31="20.92103" 32="-386.972198"/>
			<color x="46" y="48" z="50"/>
		</light>
		<light id="h_light_i" radius="25" is_render_halo="true">
			<transform 00="0.967601" 02="0.252484" 20="-0.252484" 22="0.967601" 30="-251.95015" 31="20.92103" 32="-383.940247"/>
			<color x="46" y="48" z="50"/>
		</light>
		<light id="a_omni" radius="2" is_render_halo="true">
			<transform 30="-250.447128" 31="14.349707" 32="-377.447601"/>
			<color x="1" y="1" z="0.9"/>
		</light>
		<light id="b_omni" radius="2" is_render_halo="true">
			<transform 30="-249.986176" 31="14.349707" 32="-379.197845"/>
			<color x="1" y="1" z="0.9"/>
		</light>
		<light id="c_omni" radius="2" is_render_halo="true">
			<transform 30="-252.194168" 31="14.349707" 32="-379.783508"/>
			<color x="1" y="1" z="0.9"/>
		</light>
		<light id="d_omni" radius="2" is_render_halo="true">
			<transform 30="-252.665878" 31="14.349707" 32="-378.044556"/>
			<color x="1" y="1" z="0.9"/>
		</light>
		<light id="e_omni" radius="2" is_render_halo="true">
			<transform 30="-254.883835" 31="14.349707" 32="-378.647919"/>
			<color x="1" y="1" z="0.9"/>
		</light>
		<light id="f_omni" radius="2" is_render_halo="true">
			<transform 30="-254.42688" 31="14.349707" 32="-380.382477"/>
			<color x="1" y="1" z="0.9"/>
		</light>
		<light id="lamp_omni" radius="3" is_render_halo="true">
			<transform 30="-256.22757" 31="13.14146" 32="-380.571136"/>
			<color x="1" y="1" z="0.7"/>
		</light>
		<light id="omni23" radius="1.5" is_render_halo="true">
			<transform 00="0.968829" 02="0.24773" 20="-0.24773" 22="0.968829" 30="-248.818069" 31="14.035769" 32="-377.002533"/>
			<color x="1" y="1" z="0.8"/>
		</light>
		<light id="omni24" seasonal_flags="1" radius="5" is_render_halo="true">
			<transform 30="-273.928619" 31="8.774318" 32="-444.059052"/>
			<color x="10" y="5"/>
		</light>
		<light id="omni25" seasonal_flags="2" radius="5" is_render_halo="true">
			<transform 30="-273.928619" 31="8.774318" 32="-444.059052"/>
			<color x="10" z="1"/>
		</light>
		<light id="omni26" seasonal_flags="1" radius="5" is_render_halo="true">
			<transform 30="-225.398407" 31="8.774318" 32="-431.057404"/>
			<color x="10" y="10"/>
		</light>
		<light id="omni27" seasonal_flags="2" radius="5" is_render_halo="true">
			<transform 30="-225.398407" 31="8.774318" 32="-431.057404"/>
			<color y="10"/>
		</light>
		<light id="omni28" seasonal_flags="2" radius="5" is_render_halo="true">
			<transform 00="0.97528" 02="0.220974" 20="-0.220974" 22="0.97528" 30="-250.789322" 31="28.766312" 32="-433.90625"/>
			<color x="10" y="10" z="7"/>
		</light>
		<light id="omni29" radius="2" is_render_halo="true">
			<transform 00="0.964515" 02="0.264029" 20="-0.264029" 22="0.964515" 30="-452.446198" 31="8.791544" 32="-669.006836"/>
			<color x="1" y="5"/>
		</light>
		<light id="omni30" radius="2" is_render_halo="true">
			<transform 00="0.962193" 02="0.272368" 20="-0.272368" 22="0.962193" 30="-481.753662" 31="8.791544" 32="-676.854675"/>
			<color x="1" y="5"/>
		</light>
		<light id="omni31" radius="2" is_render_halo="true">
			<transform 00="0.957082" 02="0.289816" 20="-0.289816" 22="0.957082" 30="-510.501404" 31="8.791544" 32="-684.560364"/>
			<color x="1" y="5"/>
		</light>
		<light id="omni32" radius="2" is_render_halo="true">
			<transform 00="0.951902" 02="0.306404" 20="-0.306404" 22="0.951902" 30="-539.322754" 31="8.791544" 32="-692.283264"/>
			<color x="1" y="5"/>
		</light>
		<light id="omni33" radius="2" is_render_halo="true">
			<transform 00="0.960559" 02="0.278076" 20="-0.278076" 22="0.960559" 30="-568.21051" 31="8.791544" 32="-700.025696"/>
			<color x="1" y="5"/>
		</light>
		<light id="omni34" radius="2" is_render_halo="true">
			<transform 00="0.95834" 02="0.285629" 20="-0.285629" 22="0.95834" 30="-597.183838" 31="8.791544" 32="-707.783508"/>
			<color x="1" y="5"/>
		</light>
		<light id="omni35" radius="2" is_render_halo="true">
			<transform 00="0.959941" 02="0.280204" 20="-0.280204" 22="0.959941" 30="-625.986328" 31="8.791544" 32="-715.496887"/>
			<color x="1" y="5"/>
		</light>
		<light id="omni36" radius="2" is_render_halo="true">
			<transform 00="0.960037" 02="0.279875" 20="-0.279875" 22="0.960037" 30="-655.34906" 31="8.791544" 32="-723.368042"/>
			<color x="1" y="5"/>
		</light>
		<light id="omni37" radius="2" is_render_halo="true">
			<transform 00="0.963438" 02="0.26793" 20="-0.26793" 22="0.963438" 30="12.13635" 31="8.791544" 32="-544.512512"/>
			<color x="1" y="5"/>
		</light>
		<light id="omni38" radius="2" is_render_halo="true">
			<transform 00="0.962704" 02="0.270557" 20="-0.270557" 22="0.962704" 30="41.502399" 31="8.791544" 32="-536.654846"/>
			<color x="1" y="5"/>
		</light>
		<light id="omni39" radius="2" is_render_halo="true">
			<transform 00="0.959657" 02="0.281173" 20="-0.281173" 22="0.959657" 30="70.291618" 31="8.791544" 32="-528.921631"/>
			<color x="1" y="5"/>
		</light>
		<light id="omni40" radius="2" is_render_halo="true">
			<transform 00="0.96612" 02="0.258091" 20="-0.258091" 22="0.96612" 30="99.264771" 31="8.791544" 32="-521.158325"/>
			<color x="1" y="5"/>
		</light>
		<light id="omni41" radius="2" is_render_halo="true">
			<transform 00="0.96595" 02="0.258728" 20="-0.258728" 22="0.96595" 30="128.140381" 31="8.791544" 32="-513.424072"/>
			<color x="1" y="5"/>
		</light>
		<light id="omni42" radius="2" is_render_halo="true">
			<transform 00="0.9683" 02="0.24979" 20="-0.24979" 22="0.9683" 30="156.976654" 31="8.791544" 32="-505.694672"/>
			<color x="1" y="5"/>
		</light>
		<light id="omni43" radius="2" is_render_halo="true">
			<transform 00="0.965375" 02="0.260867" 20="-0.260867" 22="0.965375" 30="185.731232" 31="8.791544" 32="-497.994324"/>
			<color x="1" y="5"/>
		</light>
		<light id="omni44" radius="2" is_render_halo="true">
			<transform 00="0.966558" 02="0.256447" 20="-0.256447" 22="0.966558" 30="215.035812" 31="8.791544" 32="-490.137238"/>
			<color x="1" y="5"/>
		</light>
	</lights_omni>
	<lights_spot>
		<light id="spot0" seasonal_flags="2" range="35" fov="0.523599" texture="graphics/ies/ies_default.txtr">
			<transform 00="0.978845" 01="0.044171" 02="0.19978" 10="-0.150046" 11="-0.50886" 12="0.847672" 20="0.139103" 21="-0.859715" 22="-0.491467" 30="-250.789322" 31="28.766312" 32="-433.90625"/>
			<color x="1" y="1" z="1"/>
		</light>
		<light id="spot1" seasonal_flags="1" range="35" fov="0.523599" texture="graphics/ies/ies_default.txtr">
			<transform 00="0.993441" 01="0.089013" 02="0.07178" 10="-0.014008" 11="-0.528263" 12="0.848966" 20="0.113488" 21="-0.844402" 22="-0.523551" 30="-250.789322" 31="28.766312" 32="-433.90625"/>
			<color x="10" z="10"/>
		</light>
	</lights_spot>
	<lights_tube>
		<light id="tube0" length="4" radius="4">
			<transform 00="-0.965926" 01="0.129409" 02="-0.224144" 11="0.866025" 12="0.5" 20="0.258819" 21="0.482963" 22="-0.836516" 30="-68.228905" 31="12.08753" 32="66.546425"/>
			<color x="1" y="1" z="1"/>
		</light>
		<light id="tube1" length="4" radius="4">
			<transform 00="-0.965926" 01="0.129409" 02="-0.224144" 11="0.866025" 12="0.5" 20="0.258819" 21="0.482963" 22="-0.836516" 30="-84.372734" 31="12.08753" 32="62.220699"/>
			<color x="1" y="1" z="1"/>
		</light>
		<light id="tube2" length="4" radius="4">
			<transform 00="-0.965926" 01="0.129409" 02="-0.224144" 11="0.866025" 12="0.5" 20="0.258819" 21="0.482963" 22="-0.836516" 30="-100.112862" 31="12.564487" 32="57.956989"/>
			<color x="1" y="1" z="1"/>
		</light>
		<light id="tube3" length="4" radius="4">
			<transform 00="-0.965926" 01="0.129409" 02="-0.224144" 11="0.866025" 12="0.5" 20="0.258819" 21="0.482963" 22="-0.836516" 30="-115.869736" 31="12.08753" 32="53.377663"/>
			<color x="1" y="1" z="1"/>
		</light>
		<light id="tube4" length="4" radius="4">
			<transform 00="-0.965926" 01="0.129409" 02="-0.224144" 11="0.866025" 12="0.5" 20="0.258819" 21="0.482963" 22="-0.836516" 30="-133.240189" 31="12.08753" 32="49.166756"/>
			<color x="1" y="1" z="1"/>
		</light>
		<light id="tube5" length="4" radius="4">
			<transform 00="-0.965926" 01="0.129409" 02="-0.224144" 11="0.866025" 12="0.5" 20="0.258819" 21="0.482963" 22="-0.836516" 30="-149.338211" 31="12.08753" 32="44.853306"/>
			<color x="1" y="1" z="1"/>
		</light>
		<light id="tube6" length="4" radius="4">
			<transform 00="-0.965926" 01="0.129409" 02="-0.224144" 11="0.866025" 12="0.5" 20="0.258819" 21="0.482963" 22="-0.836516" 30="-184.145569" 31="12.08753" 32="35.526703"/>
			<color x="1" y="1" z="1"/>
		</light>
		<light id="tube7" length="4" radius="4">
			<transform 00="-0.965926" 01="0.129409" 02="-0.224144" 11="0.866025" 12="0.5" 20="0.258819" 21="0.482963" 22="-0.836516" 30="-200.190552" 31="12.08753" 32="31.227468"/>
			<color x="1" y="1" z="1"/>
		</light>
		<light id="tube8" length="4" radius="4">
			<transform 00="-0.965926" 01="0.129409" 02="-0.224144" 11="0.866025" 12="0.5" 20="0.258819" 21="0.482963" 22="-0.836516" 30="-231.755539" 31="12.08753" 32="22.363693"/>
			<color x="1" y="1" z="1"/>
		</light>
		<light id="tube9" length="4" radius="4">
			<transform 00="-0.965926" 01="0.129409" 02="-0.224144" 11="0.866025" 12="0.5" 20="0.258819" 21="0.482963" 22="-0.836516" 30="-216.109039" 31="12.08753" 32="26.962126"/>
			<color x="1" y="1" z="1"/>
		</light>
		<light id="tube10" length="4" radius="4">
			<transform 00="-0.965926" 01="0.129409" 02="-0.224144" 11="0.866025" 12="0.5" 20="0.258819" 21="0.482963" 22="-0.836516" 30="-249.035706" 31="12.08753" 32="18.139456"/>
			<color x="1" y="1" z="1"/>
		</light>
		<light id="tube11" length="4" radius="4">
			<transform 00="-0.965926" 01="0.129409" 02="-0.224144" 11="0.866025" 12="0.5" 20="0.258819" 21="0.482963" 22="-0.836516" 30="-265.250488" 31="12.08753" 32="13.794718"/>
			<color x="1" y="1" z="1"/>
		</light>
		<light id="tube12" length="4" radius="4">
			<transform 00="-0.965926" 01="0.129409" 02="-0.224144" 11="0.866025" 12="0.5" 20="0.258819" 21="0.482963" 22="-0.836516" 30="-301.128845" 31="12.08753" 32="4.181154"/>
			<color x="1" y="1" z="1"/>
		</light>
		<light id="tube13" length="4" radius="4">
			<transform 00="-0.965926" 01="0.129409" 02="-0.224144" 11="0.866025" 12="0.5" 20="0.258819" 21="0.482963" 22="-0.836516" 30="-317.252991" 31="12.08753" 32="-0.139294"/>
			<color x="1" y="1" z="1"/>
		</light>
		<light id="tube14" length="4" radius="4">
			<transform 00="-0.965926" 01="0.129409" 02="-0.224144" 11="0.866025" 12="0.5" 20="0.258819" 21="0.482963" 22="-0.836516" 30="-333.121246" 31="12.08753" 32="-4.391178"/>
			<color x="1" y="1" z="1"/>
		</light>
		<light id="tube15" length="4" radius="4">
			<transform 00="-0.965926" 01="0.129409" 02="-0.224144" 11="0.866025" 12="0.5" 20="0.258819" 21="0.482963" 22="-0.836516" 30="-348.795105" 31="12.08753" 32="-9.031135"/>
			<color x="1" y="1" z="1"/>
		</light>
		<light id="tube16" length="4" radius="4">
			<transform 00="-0.965926" 01="0.129409" 02="-0.224144" 11="0.866025" 12="0.5" 20="0.258819" 21="0.482963" 22="-0.836516" 30="-366.132538" 31="12.08753" 32="-13.236526"/>
			<color x="1" y="1" z="1"/>
		</light>
		<light id="tube17" length="4" radius="4">
			<transform 00="-0.965926" 01="0.129409" 02="-0.224144" 11="0.866025" 12="0.5" 20="0.258819" 21="0.482963" 22="-0.836516" 30="-382.226135" 31="12.08753" 32="-17.548788"/>
			<color x="1" y="1" z="1"/>
		</light>
	</lights_tube>
	<screens/>
	<edit_areas>
		<edit_area id="workbench_edit" grid_size="2">
			<transform 00="0.965926" 02="0.258819" 20="-0.258819" 22="0.965926" 30="304.764496" 31="19.041933" 32="-30.602093"/>
			<size x="22.5" y="20.5" z="57.25"/>
		</edit_area>
		<edit_area id="boat_edit" grid_size="2">
			<transform 00="0.965926" 02="0.258819" 20="-0.258819" 22="0.965926" 30="-158.220245" 31="9.489544" 32="114.354561"/>
			<size x="22.5" y="20.5" z="57.25"/>
		</edit_area>
		<edit_area id="boat_2_edit" grid_size="2">
			<transform 00="0.965926" 02="0.258819" 20="-0.258819" 22="0.965926" 30="-208.184174" 31="9.489544" 32="100.966766"/>
			<size x="22.5" y="20.5" z="57.25"/>
		</edit_area>
		<edit_area id="edit3" grid_size="5" is_static="true" default_vehicle="bed" is_invisible_vehicle="true">
			<transform 00="-0.967205" 02="-0.253996" 20="0.253996" 22="-0.967205" 30="-103.835686" 31="9.090283" 32="55.335152"/>
			<size x="0.75" y="0.25" z="1.75"/>
		</edit_area>
		<edit_area id="hangar_edit" grid_size="4">
			<transform 00="-0.965926" 02="-0.258819" 20="0.258819" 22="-0.965926" 30="-256.499664" 31="13.704041" 32="-408.530243"/>
			<size x="36.5" y="10" z="35"/>
		</edit_area>
		<edit_area id="edit5" grid_size="5" is_static="true" default_vehicle="bed" is_invisible_vehicle="true">
			<transform 00="0.258819" 02="-0.965926" 20="0.965926" 22="0.258819" 30="-255.505493" 31="12.089499" 32="-379.430115"/>
			<size x="0.75" y="0.25" z="1.75"/>
		</edit_area>
	</edit_areas>
	<interactables>
		<interactable id="workbench_int" target_object_id="workbench_edit" label="Workbench" interact_type="2">
			<transform 00="0.965926" 02="0.258819" 20="-0.258819" 22="0.965926" 30="267.692505" 31="9.489544" 32="-40.5355"/>
			<size x="1" y="2" z="2"/>
		</interactable>
		<interactable id="boat_workbench_int" target_object_id="boat_edit" label="Workbench" interact_type="2">
			<transform 00="-0.965926" 02="-0.258819" 20="0.258819" 22="-0.965926" 30="-176.207993" 31="9.489544" 32="109.534767"/>
			<size x="1" y="2" z="2"/>
		</interactable>
		<interactable id="interact2" target_object_id="boat_2_edit" label="Workbench" interact_type="2">
			<transform 00="0.965926" 02="0.258819" 20="-0.258819" 22="0.965926" 30="-193.003082" 31="9.489544" 32="105.034531"/>
			<size x="1" y="2" z="2"/>
		</interactable>
		<interactable id="sale_sign_interact" label="Buy Island" interact_type="3">
			<transform 30="-142.800446" 31="9.672411" 32="39.676964"/>
			<size x="2" y="2" z="2"/>
		</interactable>
		<interactable id="omni_light_nt" target_object_id="omni_logic" label="Lights">
			<transform 00="0.258819" 02="-0.965926" 20="0.965926" 22="0.258819" 30="285.828003" 31="9.142761" 32="-127.052055"/>
			<size x="0.8" y="0.7" z="0.8"/>
		</interactable>
		<interactable id="p_door_2_int" parent_id="p_door_2" target_object_id="p_door_2_logic" label="Door">
			<transform 00="0.957597" 02="0.288112" 20="-0.288112" 22="0.957597" 30="-108.588745" 31="9.871819" 32="52.771599"/>
			<size x="0.3" y="2" z="1"/>
		</interactable>
		<interactable id="p_door_int" parent_id="p_door" target_object_id="p_door_logic" label="Door">
			<transform 00="0.958911" 02="0.283708" 20="-0.283708" 22="0.958911" 30="-107.228203" 31="9.816326" 32="52.264355"/>
			<size x="1" y="2" z="0.3"/>
		</interactable>
		<interactable id="p_omni_a_int" target_object_id="p_omni_a_logic" label="Lights">
			<transform 00="0.950366" 02="0.311133" 20="-0.311133" 22="0.950366" 30="-106.632179" 31="9.885468" 32="52.652916"/>
			<size x="0.3" y="0.3" z="0.3"/>
		</interactable>
		<interactable id="p_omni_b_int" target_object_id="p_omni_b_logic" label="Lights">
			<transform 00="0.975284" 02="0.220953" 20="-0.220953" 22="0.975284" 30="-108.934669" 31="9.862282" 32="53.388901"/>
			<size x="0.3" y="0.3" z="0.3"/>
		</interactable>
		<interactable id="interact9" label="Wardrobe" interact_type="4">
			<transform 00="0.964702" 02="0.263342" 20="-0.263342" 22="0.964702" 30="-103.449921" 31="9.81296" 32="53.921986"/>
			<size x="0.5" y="2" z="1"/>
		</interactable>
		<interactable id="interact10" label="Wardrobe" interact_type="4">
			<transform 00="0.969144" 02="0.246497" 20="-0.246497" 22="0.969144" 30="-255.420059" 31="12.861676" 32="-381.434662"/>
			<size x="1" y="2" z="1"/>
		</interactable>
		<interactable id="lamp_int" target_object_id="lamp_logic" label="Light">
			<transform 30="-256.115234" 31="13.019926" 32="-380.535522"/>
			<size x="0.5" y="0.5" z="0.5"/>
		</interactable>
		<interactable id="h_base_switch_int" target_object_id="h_base_lights_logic" label="Lights">
			<transform 00="0.961226" 02="0.275763" 20="-0.275763" 22="0.961226" 30="-249.031616" 31="12.887783" 32="-377.823425"/>
			<size x="0.3" y="0.3" z="0.3"/>
		</interactable>
		<interactable id="light_hangar_int" target_object_id="h_light_switch_logic" label="Lights">
			<transform 00="0.968094" 02="0.250586" 20="-0.250586" 22="0.968094" 30="-271.867554" 31="9.914019" 32="-439.332245"/>
			<size x="0.5" y="0.5" z="0.5"/>
		</interactable>
		<interactable id="h_door_int" target_object_id="h_door_logic" label="Doors">
			<transform 00="0.965755" 02="0.259455" 20="-0.259455" 22="0.965755" 30="-272.564941" 31="9.914019" 32="-439.519592"/>
			<size x="0.5" y="0.5" z="0.5"/>
		</interactable>
		<interactable id="h_lights_int" target_object_id="h_light_switch_logic" label="Lights">
			<transform 00="0.96515" 02="0.261698" 20="-0.261698" 22="0.96515" 30="-279.362946" 31="9.914019" 32="-435.752716"/>
			<size x="0.5" y="0.5" z="0.5"/>
		</interactable>
		<interactable id="hangar_door_logic" target_object_id="h_door_logic" label="Doors">
			<transform 00="0.964575" 02="0.263808" 20="-0.263808" 22="0.964575" 30="-279.17868" 31="9.914019" 32="-436.443695"/>
			<size x="0.5" y="0.5" z="0.5"/>
		</interactable>
		<interactable id="workbench_int" target_object_id="hangar_edit" label="Workbench" interact_type="2">
			<transform 00="-0.965926" 02="-0.258819" 20="0.258819" 22="-0.965926" 30="-226.007614" 31="9.550938" 32="-420.799927"/>
			<size x="1" y="2" z="2"/>
		</interactable>
		<interactable id="interact18" parent_id="h_door_base_2" target_object_id="h_door_base_2_logic" label="Door">
			<transform 00="0.965173" 02="0.261611" 20="-0.261611" 22="0.965173" 30="-249.103882" 31="9.70579" 32="-377.064026"/>
			<size x="0.3" y="2" z="1"/>
		</interactable>
		<interactable id="interact19" parent_id="h_door_base" target_object_id="h_door_base_logic" label="Door">
			<transform 00="0.97003" 02="0.242984" 20="-0.242984" 22="0.97003" 30="-249.096771" 31="12.7301" 32="-377.061554"/>
			<size x="0.3" y="2" z="1"/>
		</interactable>
		<interactable id="interact20" parent_id="h_door" target_object_id="door_h_logic" label="Door">
			<transform 00="0.955638" 02="0.294543" 20="-0.294543" 22="0.955638" 30="-281.525116" 31="9.643353" 32="-429.99942"/>
			<size x="0.3" y="2" z="1"/>
		</interactable>
	</interactables>
	<door_logic_nodes>
		<logic id="p_door_2_logic" target_a="p_door_2_closed" target_b="p_door_2_open" target_movable="p_door_2" anim_duration="100">
			<transform 00="0.960957" 02="0.276699" 20="-0.276699" 22="0.960957" 30="-108.412827" 31="9.871819" 32="53.431316"/>
		</logic>
		<logic id="p_door_logic" target_a="p_door_closed" target_b="p_door_open" target_movable="p_door" anim_duration="100">
			<transform 00="0.976164" 02="0.217032" 20="-0.217032" 22="0.976164" 30="-108.812553" 31="9.816326" 32="51.912102"/>
		</logic>
		<logic id="h_door_01_logic" target_a="h_door_01_closed" target_b="h_door_01_open" target_movable="h_door_01" anim_duration="320">
			<transform 30="-271.867554" 31="11.432775" 32="-439.332245"/>
		</logic>
		<logic id="h_door_02_logic" target_a="h_door_02_closed" target_b="h_door_02_open" target_movable="h_door_02" anim_duration="320">
			<transform 30="-271.867554" 31="11.980005" 32="-439.332245"/>
		</logic>
		<logic id="h_door_03_logic" target_a="h_door_03_closed" target_b="h_door_03_open" target_movable="h_door_03" anim_duration="320">
			<transform 30="-271.867554" 31="12.452253" 32="-439.332245"/>
		</logic>
		<logic id="h_door_04_logic" target_a="h_door_04_closed" target_b="h_door_04_open" target_movable="h_door_04" anim_duration="320">
			<transform 30="-271.867554" 31="12.98953" 32="-439.332245"/>
		</logic>
		<logic id="h_door_05_logic" target_a="h_door_05_closed" target_b="h_door_05_open" target_movable="h_door_05" anim_duration="320">
			<transform 30="-271.867554" 31="13.44181" 32="-439.332245"/>
		</logic>
		<logic id="h_door_06_logic" target_a="h_door_06_closed" target_b="h_door_06_open" target_movable="h_door_06" anim_duration="320">
			<transform 30="-271.867554" 31="14.014491" 32="-439.332245"/>
		</logic>
		<logic id="h_door_base_2_logic" target_a="h_door_base_2_closed" target_b="h_door_base_2_open" target_movable="h_door_base_2" anim_duration="100">
			<transform 30="-249.191086" 31="9.84753" 32="-376.612701"/>
		</logic>
		<logic id="h_door_base_logic" target_a="h_door_base_closed" target_b="h_door_base_open" target_movable="h_door_base" anim_duration="100">
			<transform 30="-249.193069" 31="13.276108" 32="-375.990051"/>
		</logic>
		<logic id="door_h_logic" target_a="h_door_closed" target_b="h_door_open" target_movable="h_door" anim_duration="100">
			<transform 30="-281.525116" 31="11.663325" 32="-429.99942"/>
		</logic>
	</door_logic_nodes>
	<light_logic_nodes>
		<logic id="omni_logic" target="omni0" is_on="true" flash_on_duration="30" flash_off_duration="30">
			<transform 30="285.828003" 31="9.529119" 32="-127.052055"/>
		</logic>
		<logic id="p_omni_a_logic" target="p_omni_a" is_on="true" flash_on_duration="30" flash_off_duration="30">
			<transform 00="0.918701" 02="0.394953" 20="-0.394953" 22="0.918701" 30="-106.632179" 31="10.340311" 32="52.652916"/>
		</logic>
		<logic id="p_omni_b_logic" target="p_omni_b" flash_on_duration="30" flash_off_duration="30">
			<transform 00="0.965123" 02="0.261797" 20="-0.261797" 22="0.965123" 30="-108.934669" 31="10.29978" 32="53.388901"/>
		</logic>
		<logic id="lamp_logic" target="lamp_omni" is_on="true" flash_on_duration="30" flash_off_duration="30">
			<transform 30="-256.115234" 31="13.72186" 32="-380.535522"/>
		</logic>
		<logic id="a_omni_logic" target="a_omni" is_on="true" flash_on_duration="30" flash_off_duration="30">
			<transform 00="0.989266" 02="0.146124" 20="-0.146124" 22="0.989266" 30="-248.441437" 31="10.250635" 32="-379.869934"/>
		</logic>
		<logic id="b_omni_logic" target="b_omni" is_on="true" flash_on_duration="30" flash_off_duration="30">
			<transform 30="-248.441437" 31="10.683216" 32="-379.869934"/>
		</logic>
		<logic id="c_omni_logic" target="c_omni" is_on="true" flash_on_duration="30" flash_off_duration="30">
			<transform 30="-248.441437" 31="11.123456" 32="-379.869934"/>
		</logic>
		<logic id="d_omni_logic" target="d_omni" is_on="true" flash_on_duration="30" flash_off_duration="30">
			<transform 30="-248.441437" 31="12.096144" 32="-379.869934"/>
		</logic>
		<logic id="h_light_i_logic" target="h_light_i" is_on="true" flash_on_duration="30" flash_off_duration="30">
			<transform 30="-273.947235" 31="9.732821" 32="-439.86853"/>
		</logic>
		<logic id="e_omni_logic" target="e_omni" is_on="true" flash_on_duration="30" flash_off_duration="30">
			<transform 30="-248.441437" 31="13.028599" 32="-379.869934"/>
		</logic>
		<logic id="f_omni_logic" target="f_omni" is_on="true" flash_on_duration="30" flash_off_duration="30">
			<transform 30="-248.441437" 31="14.004625" 32="-379.869934"/>
		</logic>
		<logic id="h_light_a_logic" target="h_light_a" is_on="true" flash_on_duration="30" flash_off_duration="30">
			<transform 30="-275.793457" 31="9.914019" 32="-440.417847"/>
		</logic>
		<logic id="h_light_b_logic" target="h_light_b" is_on="true" flash_on_duration="30" flash_off_duration="30">
			<transform 30="-275.793457" 31="10.609068" 32="-440.417847"/>
		</logic>
		<logic id="h_light_c_logic" target="h_light_c" is_on="true" flash_on_duration="30" flash_off_duration="30">
			<transform 30="-275.793457" 31="11.304744" 32="-440.417847"/>
		</logic>
		<logic id="h_light_d_logic" target="h_light_d" is_on="true" flash_on_duration="30" flash_off_duration="30">
			<transform 30="-275.793457" 31="12.052991" 32="-440.417847"/>
		</logic>
		<logic id="h_light_e_logic" target="h_light_e" is_on="true" flash_on_duration="30" flash_off_duration="30">
			<transform 30="-273.947235" 31="12.052991" 32="-439.86853"/>
		</logic>
		<logic id="h_light_f_logic" target="h_light_f" is_on="true" flash_on_duration="30" flash_off_duration="30">
			<transform 30="-273.947235" 31="11.277177" 32="-439.86853"/>
		</logic>
		<logic id="h_light_g_logic" target="h_light_g" is_on="true" flash_on_duration="30" flash_off_duration="30">
			<transform 30="-273.947235" 31="10.721066" 32="-439.86853"/>
		</logic>
		<logic id="h_light_h_logic" target="h_light_h" is_on="true" flash_on_duration="30" flash_off_duration="30">
			<transform 30="-273.947235" 31="10.287501" 32="-439.86853"/>
		</logic>
	</light_logic_nodes>
	<rotation_logic_nodes/>
	<hangar_door_logic_nodes>
		<logic id="h_base_lights_logic" target_id_0="a_omni_logic" target_id_1="b_omni_logic" target_id_2="c_omni_logic" target_id_3="d_omni_logic" target_id_4="e_omni_logic" target_id_5="f_omni_logic">
			<transform 30="-249.031616" 31="13.023861" 32="-378.658783"/>
		</logic>
		<logic id="h_light_logic" target_id_0="h_light_a_logic" target_id_1="h_light_b_logic" target_id_2="h_light_c_logic" target_id_3="h_light_d_logic" target_id_4="h_light_e_logic" target_id_5="h_light_f_logic" target_id_6="h_light_h_logic" target_id_7="h_light_i_logic">
			<transform 30="-273.947235" 31="13.395139" 32="-439.86853"/>
		</logic>
		<logic id="h_light_switch_logic" target_id_0="h_light_g_logic" target_id_1="h_light_logic">
			<transform 30="-273.947235" 31="13.994701" 32="-439.86853"/>
		</logic>
		<logic id="h_door_logic" target_id_0="h_door_01_logic" target_id_1="h_door_02_logic" target_id_2="h_door_03_logic" target_id_3="h_door_04_logic" target_id_4="h_door_05_logic" target_id_5="h_door_06_logic">
			<transform 30="-271.867554" 31="15.166291" 32="-439.332245"/>
		</logic>
	</hangar_door_logic_nodes>
	<audio_logic_nodes/>
	<tile_markers>
		<markers id="p_door_2_open" marker_type="8" icon="1">
			<transform 00="0.965926" 02="0.258819" 20="-0.258819" 22="0.965926" 30="-108.711098" 31="8.714862" 32="53.178272"/>
		</markers>
		<markers id="p_door_2_closed" marker_type="8" icon="1">
			<transform 00="0.258819" 02="-0.965926" 20="0.965926" 22="0.258819" 30="-108.711098" 31="8.714862" 32="53.178272"/>
		</markers>
		<markers id="p_door_open" marker_type="8" icon="1">
			<transform 00="0.258819" 02="-0.965926" 20="0.965926" 22="0.258819" 30="-107.666702" 31="8.714862" 32="52.134617"/>
		</markers>
		<markers id="p_door_closed" marker_type="8" icon="1">
			<transform 00="0.965926" 02="0.258819" 20="-0.258819" 22="0.965926" 30="-107.666702" 31="8.714862" 32="52.134617"/>
		</markers>
		<markers id="tile_marker4" marker_type="5" icon="1">
			<transform 00="-0.781998" 02="0.623282" 20="-0.623282" 22="-0.781998" 30="-104.81028" 31="9.678671" 32="54.179359"/>
		</markers>
		<markers id="tile_marker5" marker_type="13" string_data="Etrain Terminal" icon="1">
			<transform 30="300.494354" 31="128.354767" 32="-30.602093"/>
		</markers>
		<markers id="tile_marker6" marker_type="13" string_data="FJ Warner Docks" icon="1">
			<transform 30="-140.948898" 31="128.354767" 32="-242.966034"/>
		</markers>
		<markers id="h_door_01_closed" marker_type="8" icon="1">
			<transform 00="0.258819" 02="-0.965926" 20="0.965926" 22="0.258819" 30="-267.871704" 31="8.6248" 32="-437.291595"/>
		</markers>
		<markers id="h_door_02_closed" marker_type="8" icon="1">
			<transform 00="0.258819" 02="-0.965926" 20="0.965926" 22="0.258819" 30="-261.200867" 31="8.6248" 32="-435.27356"/>
		</markers>
		<markers id="h_door_03_closed" marker_type="8" icon="1">
			<transform 00="0.258819" 02="-0.965926" 20="0.965926" 22="0.258819" 30="-254.502121" 31="8.6248" 32="-433.247894"/>
		</markers>
		<markers id="h_door_04_closed" marker_type="8" icon="1">
			<transform 00="-0.258819" 02="0.965926" 20="-0.965926" 22="-0.258819" 30="-247.501099" 31="8.6248" 32="-431.371948"/>
		</markers>
		<markers id="h_door_05_closed" marker_type="8" icon="1">
			<transform 00="-0.258819" 02="0.965926" 20="-0.965926" 22="-0.258819" 30="-240.667618" 31="8.6248" 32="-429.771698"/>
		</markers>
		<markers id="h_door_06_closed" marker_type="8" icon="1">
			<transform 00="-0.258819" 02="0.965926" 20="-0.965926" 22="-0.258819" 30="-233.75" 31="8.6248" 32="-428.148743"/>
		</markers>
		<markers id="h_door_01_open" marker_type="8" icon="1">
			<transform 00="0.258819" 02="-0.965926" 20="0.965926" 22="0.258819" 30="-273.293945" 31="8.6248" 32="-438.744507"/>
		</markers>
		<markers id="h_door_02_open" marker_type="8" icon="1">
			<transform 00="0.258819" 02="-0.965926" 20="0.965926" 22="0.258819" 30="-273.347504" 31="8.6248" 32="-438.528229"/>
		</markers>
		<markers id="h_door_03_open" marker_type="8" icon="1">
			<transform 00="0.258819" 02="-0.965926" 20="0.965926" 22="0.258819" 30="-273.406158" 31="8.6248" 32="-438.313202"/>
		</markers>
		<markers id="h_door_04_open" marker_type="8" icon="1">
			<transform 00="-0.258819" 02="0.965926" 20="-0.965926" 22="-0.258819" 30="-228.57222" 31="8.6248" 32="-426.299957"/>
		</markers>
		<markers id="h_door_05_open" marker_type="8" icon="1">
			<transform 00="-0.258819" 02="0.965926" 20="-0.965926" 22="-0.258819" 30="-228.516647" 31="8.6248" 32="-426.515839"/>
		</markers>
		<markers id="h_door_06_open" marker_type="8" icon="1">
			<transform 00="-0.258819" 02="0.965926" 20="-0.965926" 22="-0.258819" 30="-228.460876" 31="8.6248" 32="-426.731537"/>
		</markers>
		<markers id="h_door_base_2_closed" marker_type="8" icon="1">
			<transform 00="0.258819" 02="-0.965926" 20="0.965926" 22="0.258819" 30="-249.191086" 31="8.635291" 32="-376.612701"/>
		</markers>
		<markers id="h_door_base_2_open" marker_type="8" icon="1">
			<transform 00="-0.965926" 02="-0.258819" 20="0.258819" 22="-0.965926" 30="-249.191086" 31="8.635291" 32="-376.612701"/>
		</markers>
		<markers id="h_door_base_closed" marker_type="8" icon="1">
			<transform 00="0.258819" 02="-0.965926" 20="0.965926" 22="0.258819" 30="-249.193069" 31="11.611291" 32="-376.605286"/>
		</markers>
		<markers id="h_door_base_open" marker_type="8" icon="1">
			<transform 00="0.965926" 02="0.258819" 20="-0.258819" 22="0.965926" 30="-249.193069" 31="11.611291" 32="-376.605286"/>
		</markers>
		<markers id="h_door_closed" marker_type="8" icon="1">
			<transform 00="0.258819" 02="-0.965926" 20="0.965926" 22="0.258819" 30="-281.687134" 31="8.62924" 32="-429.535553"/>
		</markers>
		<markers id="h_door_open" marker_type="8" icon="1">
			<transform 00="-0.965926" 02="-0.258819" 20="0.258819" 22="-0.965926" 30="-281.687134" 31="8.62924" 32="-429.535553"/>
		</markers>
	</tile_markers>
	<mission_zones/>
	<dynamic_markers>
		<dynamic_marker id="dynamic_marker_item0" item_type="9">
			<transform 00="-0.810171" 02="-0.586194" 20="0.586194" 22="-0.810171" 30="-105.518356" 31="9.207556" 32="55.729881"/>
		</dynamic_marker>
		<dynamic_marker id="dynamic_marker_item1" item_type="17">
			<transform 30="-105.808754" 31="9.521702" 32="55.101768"/>
		</dynamic_marker>
		<dynamic_marker id="dynamic_marker_item2" item_type="15">
			<transform 00="-0" 01="-1" 10="1" 11="-0" 30="-106.129906" 31="9.680071" 32="55.038708"/>
		</dynamic_marker>
		<dynamic_marker id="dynamic_marker_item3" item_type="4">
			<transform 30="-235.319077" 31="12.453058" 32="-383.475922"/>
		</dynamic_marker>
	</dynamic_markers>
	<ladders>
		<ladder id="ladder_0" height="27.1">
			<transform 00="-0.258819" 02="0.965925" 20="-0.965925" 22="-0.258819" 30="365.218262" 31="8.634335" 32="-101.151886"/>
		</ladder>
		<ladder id="ladder_1" height="27.1">
			<transform 00="0.258819" 02="-0.965926" 20="0.965926" 22="0.258819" 30="287.586639" 31="8.634335" 32="-121.824066"/>
		</ladder>
		<ladder id="ladder_2" height="27.1">
			<transform 00="0.258819" 02="-0.965926" 20="0.965926" 22="0.258819" 30="244.169083" 31="8.634335" 32="40.212353"/>
		</ladder>
		<ladder id="ladder_3" height="27.1">
			<transform 00="-0.342019" 02="0.939693" 20="-0.939693" 22="-0.342019" 30="321.885986" 31="8.634335" 32="60.927132"/>
		</ladder>
	</ladders>
	<perches/>
	<fires/>
	<train_tracks>
		<track id="train_77">
			<transform 30="-62.960697" 31="8.675076" 32="201.264999"/>
			<links>
				<link id="train_83"/>
			</links>
		</track>
		<track id="train_78">
			<transform 30="-52.479729" 31="8.675076" 32="204.209885"/>
			<links>
				<link id="train_84"/>
			</links>
		</track>
		<track id="train_79">
			<transform 30="-41.911289" 31="8.675076" 32="206.881775"/>
			<links>
				<link id="train_85"/>
			</links>
		</track>
		<track id="train_80">
			<transform 30="-31.414703" 31="8.675076" 32="209.681763"/>
			<links>
				<link id="train_86"/>
			</links>
		</track>
		<track id="train_81">
			<transform 30="-20.795151" 31="8.675076" 32="212.178543"/>
			<links>
				<link id="train_87"/>
			</links>
		</track>
		<track id="train_82">
			<transform 30="-11.376514" 31="8.675076" 32="215.031403"/>
			<links>
				<link id="train_88"/>
			</links>
		</track>
		<track id="train_83">
			<transform 30="57.078587" 31="8.675076" 32="-246.803421"/>
			<links>
				<link id="train_77"/>
				<link id="train_89"/>
			</links>
		</track>
		<track id="train_84">
			<transform 30="62.269287" 31="8.675076" 32="-224.037735"/>
			<links>
				<link id="train_78"/>
				<link id="train_111"/>
			</links>
		</track>
		<track id="train_85">
			<transform 30="59.698181" 31="8.675076" 32="-172.374329"/>
			<links>
				<link id="train_79"/>
				<link id="train_121"/>
			</links>
		</track>
		<track id="train_86">
			<transform 30="58.910866" 31="8.675076" 32="-127.82605"/>
			<links>
				<link id="train_80"/>
				<link id="train_131"/>
			</links>
		</track>
		<track id="train_87">
			<transform 30="54.562584" 31="8.675076" 32="-69.048714"/>
			<links>
				<link id="train_81"/>
				<link id="train_143"/>
			</links>
		</track>
		<track id="train_88">
			<transform 30="50.96109" 31="8.675076" 32="-17.540226"/>
			<links>
				<link id="train_82"/>
				<link id="train_152"/>
			</links>
		</track>
		<track id="train_89">
			<transform 30="60.96648" 31="8.675076" 32="-261.284973"/>
			<links>
				<link id="train_90"/>
				<link id="train_83"/>
			</links>
		</track>
		<track id="train_90">
			<transform 30="64.854904" 31="8.675076" 32="-275.801361"/>
			<links>
				<link id="train_91"/>
				<link id="train_89"/>
			</links>
		</track>
		<track id="train_91">
			<transform 30="66.759422" 31="8.675076" 32="-282.923462"/>
			<links>
				<link id="train_92"/>
				<link id="train_90"/>
			</links>
		</track>
		<track id="train_92">
			<transform 30="68.689178" 31="8.675076" 32="-290.085144"/>
			<links>
				<link id="train_93"/>
				<link id="train_91"/>
			</links>
		</track>
		<track id="train_93">
			<transform 30="70.552979" 31="8.675076" 32="-297.1297"/>
			<links>
				<link id="train_92"/>
				<link id="train_96"/>
			</links>
		</track>
		<track id="train_280">
			<transform 30="184.09671" 31="-6.36422" 32="428.202026"/>
			<links>
				<link id="train_282"/>
				<link id="train_278"/>
			</links>
		</track>
		<track id="train_281">
			<transform 30="179.875977" 31="-6.36422" 32="427.08374"/>
			<links>
				<link id="train_283"/>
				<link id="train_279"/>
			</links>
		</track>
		<track id="train_96">
			<transform 30="76.313171" 31="8.675434" 32="-318.64032"/>
			<links>
				<link id="train_153"/>
				<link id="train_93"/>
				<link id="train_97"/>
			</links>
		</track>
		<track id="train_97">
			<transform 30="74.88707" 31="8.675076" 32="-311.356079"/>
			<links>
				<link id="train_98"/>
				<link id="train_96"/>
			</links>
		</track>
		<track id="train_98">
			<transform 30="73.520157" 31="8.675076" 32="-304.046265"/>
			<links>
				<link id="train_97"/>
				<link id="train_99"/>
			</links>
		</track>
		<track id="train_99">
			<transform 30="72.401978" 31="8.675076" 32="-296.846558"/>
			<links>
				<link id="train_98"/>
				<link id="train_100"/>
			</links>
		</track>
		<track id="train_100">
			<transform 30="71.457718" 31="8.675076" 32="-289.529999"/>
			<links>
				<link id="train_99"/>
				<link id="train_101"/>
			</links>
		</track>
		<track id="train_101">
			<transform 30="70.799744" 31="8.675076" 32="-282.261383"/>
			<links>
				<link id="train_102"/>
				<link id="train_100"/>
			</links>
		</track>
		<track id="train_102">
			<transform 30="70.31218" 31="8.675076" 32="-274.880188"/>
			<links>
				<link id="train_101"/>
				<link id="train_103"/>
			</links>
		</track>
		<track id="train_103">
			<transform 30="69.93721" 31="8.675076" 32="-267.52359"/>
			<links>
				<link id="train_102"/>
				<link id="train_109"/>
				<link id="train_105"/>
			</links>
		</track>
		<track id="train_279">
			<transform 30="188.39061" 31="-4.150384" 32="395.260498"/>
			<links>
				<link id="train_281"/>
				<link id="train_277"/>
			</links>
		</track>
		<track id="train_105">
			<transform 30="69.124619" 31="8.675076" 32="-260.173676"/>
			<links>
				<link id="train_106"/>
				<link id="train_103"/>
			</links>
		</track>
		<track id="train_106">
			<transform 30="68.197166" 31="8.675076" 32="-252.936005"/>
			<links>
				<link id="train_105"/>
				<link id="train_108"/>
			</links>
		</track>
		<track id="train_278">
			<transform 30="192.616211" 31="-4.150384" 32="396.380798"/>
			<links>
				<link id="train_276"/>
				<link id="train_280"/>
			</links>
		</track>
		<track id="train_108">
			<transform 30="66.994347" 31="8.675076" 32="-245.541046"/>
			<links>
				<link id="train_106"/>
				<link id="train_111"/>
			</links>
		</track>
		<track id="train_109">
			<transform 30="68.823013" 31="8.675076" 32="-245.319672"/>
			<links>
				<link id="train_110"/>
				<link id="train_103"/>
			</links>
		</track>
		<track id="train_110">
			<transform 30="68.480171" 31="8.675076" 32="-237.990631"/>
			<links>
				<link id="train_109"/>
				<link id="train_112"/>
			</links>
		</track>
		<track id="train_111">
			<transform 30="65.678749" 31="8.675076" 32="-238.357025"/>
			<links>
				<link id="train_108"/>
				<link id="train_84"/>
			</links>
		</track>
		<track id="train_112">
			<transform 30="68.118729" 31="8.675076" 32="-230.607529"/>
			<links>
				<link id="train_110"/>
				<link id="train_113"/>
			</links>
		</track>
		<track id="train_113">
			<transform 30="67.726288" 31="8.675076" 32="-223.209335"/>
			<links>
				<link id="train_114"/>
				<link id="train_112"/>
			</links>
		</track>
		<track id="train_114">
			<transform 30="67.344162" 31="8.675076" 32="-215.849762"/>
			<links>
				<link id="train_113"/>
				<link id="train_117"/>
				<link id="train_116"/>
			</links>
		</track>
		<track id="train_277">
			<transform 30="196.901474" 31="-2.074473" 32="363.488037"/>
			<links>
				<link id="train_279"/>
				<link id="train_274"/>
			</links>
		</track>
		<track id="train_116">
			<transform 30="66.53759" 31="8.675076" 32="-208.437988"/>
			<links>
				<link id="train_118"/>
				<link id="train_114"/>
			</links>
		</track>
		<track id="train_117">
			<transform 30="66.243088" 31="8.675076" 32="-193.470184"/>
			<links>
				<link id="train_120"/>
				<link id="train_114"/>
			</links>
		</track>
		<track id="train_118">
			<transform 30="64.473663" 31="8.675076" 32="-194.061234"/>
			<links>
				<link id="train_116"/>
				<link id="train_119"/>
			</links>
		</track>
		<track id="train_119">
			<transform 30="63.072594" 31="8.675076" 32="-186.714066"/>
			<links>
				<link id="train_118"/>
				<link id="train_121"/>
			</links>
		</track>
		<track id="train_120">
			<transform 30="65.916718" 31="8.675076" 32="-186.334152"/>
			<links>
				<link id="train_117"/>
				<link id="train_122"/>
			</links>
		</track>
		<track id="train_121">
			<transform 30="61.503563" 31="8.675076" 32="-179.512817"/>
			<links>
				<link id="train_85"/>
				<link id="train_119"/>
			</links>
		</track>
		<track id="train_122">
			<transform 30="65.52404" 31="8.675076" 32="-178.924286"/>
			<links>
				<link id="train_123"/>
				<link id="train_120"/>
			</links>
		</track>
		<track id="train_123">
			<transform 30="65.156158" 31="8.675076" 32="-171.507263"/>
			<links>
				<link id="train_122"/>
				<link id="train_124"/>
			</links>
		</track>
		<track id="train_124">
			<transform 30="64.774216" 31="8.675076" 32="-164.197952"/>
			<links>
				<link id="train_123"/>
				<link id="train_129"/>
				<link id="train_126"/>
			</links>
		</track>
		<track id="train_276">
			<transform 30="201.130966" 31="-2.074473" 32="364.595276"/>
			<links>
				<link id="train_278"/>
				<link id="train_275"/>
			</links>
		</track>
		<track id="train_126">
			<transform 30="63.935638" 31="8.675076" 32="-156.708633"/>
			<links>
				<link id="train_128"/>
				<link id="train_124"/>
			</links>
		</track>
		<track id="train_275">
			<transform 30="209.675903" 31="-0.176065" 32="332.778046"/>
			<links>
				<link id="train_276"/>
				<link id="train_272"/>
			</links>
		</track>
		<track id="train_128">
			<transform 30="63.00301" 31="8.675076" 32="-149.485199"/>
			<links>
				<link id="train_126"/>
				<link id="train_130"/>
			</links>
		</track>
		<track id="train_129">
			<transform 30="63.658123" 31="8.675076" 32="-141.561783"/>
			<links>
				<link id="train_132"/>
				<link id="train_124"/>
			</links>
		</track>
		<track id="train_130">
			<transform 30="61.845249" 31="8.675076" 32="-142.032715"/>
			<links>
				<link id="train_128"/>
				<link id="train_131"/>
			</links>
		</track>
		<track id="train_131">
			<transform 30="60.536926" 31="8.675076" 32="-135.040787"/>
			<links>
				<link id="train_86"/>
				<link id="train_130"/>
			</links>
		</track>
		<track id="train_132">
			<transform 30="63.31498" 31="8.675076" 32="-134.623566"/>
			<links>
				<link id="train_133"/>
				<link id="train_129"/>
			</links>
		</track>
		<track id="train_133">
			<transform 30="62.967365" 31="8.675076" 32="-127.215424"/>
			<links>
				<link id="train_132"/>
				<link id="train_134"/>
			</links>
		</track>
		<track id="train_134">
			<transform 30="62.574867" 31="8.675076" 32="-119.867599"/>
			<links>
				<link id="train_135"/>
				<link id="train_133"/>
			</links>
		</track>
		<track id="train_135">
			<transform 30="62.18708" 31="8.675076" 32="-112.448669"/>
			<links>
				<link id="train_134"/>
				<link id="train_141"/>
				<link id="train_137"/>
			</links>
		</track>
		<track id="train_274">
			<transform 30="205.449905" 31="-0.176065" 32="331.633087"/>
			<links>
				<link id="train_277"/>
				<link id="train_273"/>
			</links>
		</track>
		<track id="train_137">
			<transform 30="61.396961" 31="8.675076" 32="-105.067352"/>
			<links>
				<link id="train_139"/>
				<link id="train_135"/>
			</links>
		</track>
		<track id="train_273">
			<transform 30="213.962219" 31="1.563317" 32="299.834473"/>
			<links>
				<link id="train_274"/>
				<link id="train_271"/>
			</links>
		</track>
		<track id="train_139">
			<transform 30="60.434349" 31="8.675076" 32="-97.806427"/>
			<links>
				<link id="train_137"/>
				<link id="train_140"/>
			</links>
		</track>
		<track id="train_140">
			<transform 30="59.264248" 31="8.675076" 32="-90.364311"/>
			<links>
				<link id="train_139"/>
				<link id="train_142"/>
			</links>
		</track>
		<track id="train_141">
			<transform 30="61.108772" 31="8.675076" 32="-90.278542"/>
			<links>
				<link id="train_144"/>
				<link id="train_135"/>
			</links>
		</track>
		<track id="train_142">
			<transform 30="57.938522" 31="8.675076" 32="-83.357903"/>
			<links>
				<link id="train_143"/>
				<link id="train_140"/>
			</links>
		</track>
		<track id="train_143">
			<transform 30="56.357151" 31="8.675076" 32="-76.094124"/>
			<links>
				<link id="train_142"/>
				<link id="train_87"/>
			</links>
		</track>
		<track id="train_144">
			<transform 30="60.759548" 31="8.675076" 32="-82.940376"/>
			<links>
				<link id="train_145"/>
				<link id="train_141"/>
			</links>
		</track>
		<track id="train_145">
			<transform 30="60.360497" 31="8.675076" 32="-75.530449"/>
			<links>
				<link id="train_146"/>
				<link id="train_144"/>
			</links>
		</track>
		<track id="train_146">
			<transform 30="60.02087" 31="8.675076" 32="-68.164688"/>
			<links>
				<link id="train_147"/>
				<link id="train_145"/>
			</links>
		</track>
		<track id="train_147">
			<transform 30="59.46315" 31="8.675076" 32="-60.826405"/>
			<links>
				<link id="train_148"/>
				<link id="train_146"/>
			</links>
		</track>
		<track id="train_148">
			<transform 30="58.69109" 31="8.675076" 32="-53.51548"/>
			<links>
				<link id="train_149"/>
				<link id="train_147"/>
			</links>
		</track>
		<track id="train_149">
			<transform 30="57.618919" 31="8.675076" 32="-46.188164"/>
			<links>
				<link id="train_150"/>
				<link id="train_148"/>
			</links>
		</track>
		<track id="train_150">
			<transform 30="56.353157" 31="8.675076" 32="-38.989353"/>
			<links>
				<link id="train_151"/>
				<link id="train_149"/>
			</links>
		</track>
		<track id="train_151">
			<transform 30="54.798012" 31="8.675076" 32="-31.794477"/>
			<links>
				<link id="train_152"/>
				<link id="train_150"/>
			</links>
		</track>
		<track id="train_152">
			<transform 30="52.986446" 31="8.675076" 32="-24.613489"/>
			<links>
				<link id="train_88"/>
				<link id="train_151"/>
			</links>
		</track>
		<track id="train_153">
			<transform 30="78.217445" 31="8.683064" 32="-325.710236"/>
			<links>
				<link id="train_96"/>
				<link id="train_154"/>
			</links>
		</track>
		<track id="train_154">
			<transform 30="80.177513" 31="8.676208" 32="-332.888245"/>
			<links>
				<link id="train_153"/>
				<link id="train_155"/>
			</links>
		</track>
		<track id="train_155">
			<transform 30="87.591316" 31="8.676208" 32="-360.65033"/>
			<links>
				<link id="train_156"/>
				<link id="train_154"/>
			</links>
		</track>
		<track id="train_156">
			<transform 30="89.135826" 31="8.675791" 32="-366.437225"/>
			<links>
				<link id="train_157"/>
				<link id="train_155"/>
			</links>
		</track>
		<track id="train_157">
			<transform 30="91.046692" 31="8.675791" 32="-373.579834"/>
			<links>
				<link id="train_158"/>
				<link id="train_156"/>
			</links>
		</track>
		<track id="train_158">
			<transform 30="92.961349" 31="8.675791" 32="-380.703247"/>
			<links>
				<link id="train_159"/>
				<link id="train_157"/>
			</links>
		</track>
		<track id="train_159">
			<transform 30="94.882904" 31="8.675791" 32="-387.87262"/>
			<links>
				<link id="train_160"/>
				<link id="train_158"/>
			</links>
		</track>
		<track id="train_160">
			<transform 30="96.788254" 31="8.675791" 32="-394.980225"/>
			<links>
				<link id="train_161"/>
				<link id="train_159"/>
			</links>
		</track>
		<track id="train_161">
			<transform 30="99.0569" 31="8.675791" 32="-402.029907"/>
			<links>
				<link id="train_162"/>
				<link id="train_160"/>
			</links>
		</track>
		<track id="train_162">
			<transform 30="102.06768" 31="8.675791" 32="-408.954498"/>
			<links>
				<link id="train_163"/>
				<link id="train_161"/>
			</links>
		</track>
		<track id="train_163">
			<transform 30="105.666992" 31="8.675791" 32="-415.463928"/>
			<links>
				<link id="train_164"/>
				<link id="train_162"/>
			</links>
		</track>
		<track id="train_164">
			<transform 30="109.910782" 31="8.675791" 32="-421.580688"/>
			<links>
				<link id="train_165"/>
				<link id="train_163"/>
			</links>
		</track>
		<track id="train_165">
			<transform 30="114.762604" 31="8.675791" 32="-427.240662"/>
			<links>
				<link id="train_166"/>
				<link id="train_164"/>
			</links>
		</track>
		<track id="train_166">
			<transform 30="120.103775" 31="8.675791" 32="-432.445526"/>
			<links>
				<link id="train_167"/>
				<link id="train_165"/>
			</links>
		</track>
		<track id="train_167">
			<transform 30="125.968994" 31="8.675791" 32="-437.127319"/>
			<links>
				<link id="train_168"/>
				<link id="train_166"/>
			</links>
		</track>
		<track id="train_168">
			<transform 30="132.239441" 31="8.675791" 32="-441.144623"/>
			<links>
				<link id="train_169"/>
				<link id="train_167"/>
			</links>
		</track>
		<track id="train_169">
			<transform 30="138.8591" 31="8.675791" 32="-444.541779"/>
			<links>
				<link id="train_170"/>
				<link id="train_168"/>
			</links>
		</track>
		<track id="train_170">
			<transform 30="145.824203" 31="8.675791" 32="-447.291656"/>
			<links>
				<link id="train_171"/>
				<link id="train_169"/>
			</links>
		</track>
		<track id="train_171">
			<transform 30="153.012405" 31="8.675791" 32="-449.347748"/>
			<links>
				<link id="train_172"/>
				<link id="train_170"/>
			</links>
		</track>
		<track id="train_172">
			<transform 30="160.267212" 31="8.675791" 32="-450.671661"/>
			<links>
				<link id="train_173"/>
				<link id="train_171"/>
			</links>
		</track>
		<track id="train_173">
			<transform 30="167.762833" 31="8.675791" 32="-451.318878"/>
			<links>
				<link id="train_174"/>
				<link id="train_172"/>
			</links>
		</track>
		<track id="train_174">
			<transform 30="175.220062" 31="8.675791" 32="-451.183289"/>
			<links>
				<link id="train_175"/>
				<link id="train_173"/>
			</links>
		</track>
		<track id="train_175">
			<transform 30="182.630371" 31="8.675791" 32="-450.313477"/>
			<links>
				<link id="train_176"/>
				<link id="train_174"/>
			</links>
		</track>
		<track id="train_176">
			<transform 30="189.922119" 31="8.675791" 32="-448.751343"/>
			<links>
				<link id="train_177"/>
				<link id="train_175"/>
			</links>
		</track>
		<track id="train_177">
			<transform 30="199.611679" 31="8.675791" 32="-446.166046"/>
			<links>
				<link id="train_178"/>
				<link id="train_176"/>
			</links>
		</track>
		<track id="train_178">
			<transform 30="259.242737" 31="8.675791" 32="-430.156525"/>
			<links>
				<link id="train_177"/>
				<link id="train_179"/>
			</links>
		</track>
		<track id="train_179">
			<transform 30="312.523315" 31="8.675791" 32="-415.888733"/>
			<links>
				<link id="train_178"/>
				<link id="train_180"/>
			</links>
		</track>
		<track id="train_180">
			<transform 30="317.958313" 31="8.675791" 32="-414.438843"/>
			<links>
				<link id="train_179"/>
				<link id="train_181"/>
			</links>
		</track>
		<track id="train_181">
			<transform 30="323.425507" 31="8.675791" 32="-412.97287"/>
			<links>
				<link id="train_182"/>
				<link id="train_183"/>
				<link id="train_180"/>
			</links>
		</track>
		<track id="train_182">
			<transform 30="329.873688" 31="8.675791" 32="-411.819824"/>
			<links>
				<link id="train_181"/>
				<link id="train_184"/>
			</links>
		</track>
		<track id="train_183">
			<transform 30="330.633301" 31="8.675791" 32="-410.196289"/>
			<links>
				<link id="train_181"/>
				<link id="train_247"/>
			</links>
		</track>
		<track id="train_184">
			<transform 30="337.696014" 31="8.675791" 32="-411.03949"/>
			<links>
				<link id="train_182"/>
				<link id="train_185"/>
			</links>
		</track>
		<track id="train_185">
			<transform 30="344.967163" 31="8.675791" 32="-411.069122"/>
			<links>
				<link id="train_186"/>
				<link id="train_184"/>
			</links>
		</track>
		<track id="train_186">
			<transform 30="352.27417" 31="8.675791" 32="-411.754059"/>
			<links>
				<link id="train_187"/>
				<link id="train_185"/>
			</links>
		</track>
		<track id="train_187">
			<transform 30="359.448669" 31="8.675791" 32="-413.161194"/>
			<links>
				<link id="train_188"/>
				<link id="train_186"/>
			</links>
		</track>
		<track id="train_188">
			<transform 30="366.468262" 31="8.675791" 32="-415.263275"/>
			<links>
				<link id="train_189"/>
				<link id="train_187"/>
			</links>
		</track>
		<track id="train_189">
			<transform 30="373.229218" 31="8.675791" 32="-417.956207"/>
			<links>
				<link id="train_190"/>
				<link id="train_188"/>
			</links>
		</track>
		<track id="train_190">
			<transform 30="379.799133" 31="8.675791" 32="-421.29248"/>
			<links>
				<link id="train_191"/>
				<link id="train_189"/>
			</links>
		</track>
		<track id="train_191">
			<transform 30="385.913818" 31="8.675791" 32="-425.176025"/>
			<links>
				<link id="train_190"/>
				<link id="train_192"/>
			</links>
		</track>
		<track id="train_192">
			<transform 30="391.74176" 31="8.675791" 32="-429.739471"/>
			<links>
				<link id="train_193"/>
				<link id="train_191"/>
			</links>
		</track>
		<track id="train_193">
			<transform 30="397.069244" 31="8.675791" 32="-434.777435"/>
			<links>
				<link id="train_194"/>
				<link id="train_192"/>
			</links>
		</track>
		<track id="train_194">
			<transform 30="401.877319" 31="8.675791" 32="-440.253204"/>
			<links>
				<link id="train_195"/>
				<link id="train_193"/>
			</links>
		</track>
		<track id="train_195">
			<transform 30="406.175262" 31="8.675791" 32="-446.184784"/>
			<links>
				<link id="train_196"/>
				<link id="train_194"/>
			</links>
		</track>
		<track id="train_196">
			<transform 30="409.831177" 31="8.675791" 32="-452.502899"/>
			<links>
				<link id="train_197"/>
				<link id="train_195"/>
			</links>
		</track>
		<track id="train_197">
			<transform 30="413.136383" 31="8.675791" 32="-459.074341"/>
			<links>
				<link id="train_198"/>
				<link id="train_196"/>
			</links>
		</track>
		<track id="train_198">
			<transform 30="416.214203" 31="8.675791" 32="-465.798981"/>
			<links>
				<link id="train_199"/>
				<link id="train_197"/>
			</links>
		</track>
		<track id="train_199">
			<transform 30="418.993011" 31="8.675791" 32="-472.503479"/>
			<links>
				<link id="train_200"/>
				<link id="train_198"/>
			</links>
		</track>
		<track id="train_200">
			<transform 30="421.701294" 31="8.675791" 32="-479.403473"/>
			<links>
				<link id="train_201"/>
				<link id="train_199"/>
			</links>
		</track>
		<track id="train_201">
			<transform 30="424.190094" 31="8.675791" 32="-486.589355"/>
			<links>
				<link id="train_200"/>
				<link id="train_203"/>
			</links>
		</track>
		<track id="train_283">
			<transform 30="171.35614" 31="-8.721256" 32="458.839661"/>
			<links>
				<link id="train_285"/>
				<link id="train_281"/>
			</links>
		</track>
		<track id="train_203">
			<transform 30="426.455902" 31="8.675791" 32="-493.398956"/>
			<links>
				<link id="train_201"/>
				<link id="train_204"/>
				<link id="train_210"/>
			</links>
		</track>
		<track id="train_204">
			<transform 30="428.26001" 31="8.675791" 32="-500"/>
			<links>
				<link id="train_203"/>
			</links>
		</track>
		<track id="train_205">
			<transform 30="432.779999" 31="8.675791" 32="-500"/>
			<links>
				<link id="train_207"/>
			</links>
		</track>
		<track id="train_206">
			<transform 30="428.820953" 31="8.675791" 32="-485.127289"/>
			<links>
				<link id="train_207"/>
				<link id="train_208"/>
			</links>
		</track>
		<track id="train_207">
			<transform 30="432.649597" 31="8.675791" 32="-499.399597"/>
			<links>
				<link id="train_205"/>
				<link id="train_206"/>
			</links>
		</track>
		<track id="train_208">
			<transform 30="424.033875" 31="8.675791" 32="-467.287964"/>
			<links>
				<link id="train_206"/>
				<link id="train_214"/>
			</links>
		</track>
		<track id="train_282">
			<transform 30="175.570129" 31="-8.721256" 32="460.037323"/>
			<links>
				<link id="train_284"/>
				<link id="train_280"/>
			</links>
		</track>
		<track id="train_210">
			<transform 30="421.046417" 31="8.675791" 32="-472.774597"/>
			<links>
				<link id="train_211"/>
				<link id="train_203"/>
			</links>
		</track>
		<track id="train_211">
			<transform 30="418.854462" 31="8.675791" 32="-464.841522"/>
			<links>
				<link id="train_210"/>
				<link id="train_212"/>
			</links>
		</track>
		<track id="train_212">
			<transform 30="416.981384" 31="8.675791" 32="-457.800537"/>
			<links>
				<link id="train_211"/>
				<link id="train_213"/>
			</links>
		</track>
		<track id="train_213">
			<transform 30="415.025879" 31="8.675791" 32="-450.538055"/>
			<links>
				<link id="train_212"/>
				<link id="train_215"/>
			</links>
		</track>
		<track id="train_214">
			<transform 30="419.273163" 31="8.675791" 32="-449.485962"/>
			<links>
				<link id="train_208"/>
				<link id="train_216"/>
			</links>
		</track>
		<track id="train_215">
			<transform 30="408.580658" 31="8.675791" 32="-426.574738"/>
			<links>
				<link id="train_213"/>
				<link id="train_218"/>
			</links>
		</track>
		<track id="train_216">
			<transform 30="412.785126" 31="8.675791" 32="-425.42041"/>
			<links>
				<link id="train_214"/>
				<link id="train_217"/>
			</links>
		</track>
		<track id="train_217">
			<transform 30="407.590332" 31="8.675791" 32="-405.960266"/>
			<links>
				<link id="train_216"/>
				<link id="train_220"/>
			</links>
		</track>
		<track id="train_218">
			<transform 30="403.357483" 31="8.675791" 32="-407.064117"/>
			<links>
				<link id="train_215"/>
				<link id="train_219"/>
			</links>
		</track>
		<track id="train_219">
			<transform 30="398.125214" 31="8.675791" 32="-387.56778"/>
			<links>
				<link id="train_222"/>
				<link id="train_218"/>
			</links>
		</track>
		<track id="train_220">
			<transform 30="402.335297" 31="8.675791" 32="-386.370087"/>
			<links>
				<link id="train_221"/>
				<link id="train_217"/>
			</links>
		</track>
		<track id="train_221">
			<transform 30="397.134613" 31="8.675791" 32="-366.903381"/>
			<links>
				<link id="train_224"/>
				<link id="train_220"/>
			</links>
		</track>
		<track id="train_222">
			<transform 30="392.915558" 31="8.675791" 32="-368.066711"/>
			<links>
				<link id="train_223"/>
				<link id="train_219"/>
			</links>
		</track>
		<track id="train_223">
			<transform 30="388.424469" 31="8.675791" 32="-351.293365"/>
			<links>
				<link id="train_226"/>
				<link id="train_222"/>
			</links>
		</track>
		<track id="train_224">
			<transform 30="392.631958" 31="8.675791" 32="-350.073853"/>
			<links>
				<link id="train_225"/>
				<link id="train_221"/>
			</links>
		</track>
		<track id="train_225">
			<transform 30="388.163086" 31="8.675791" 32="-333.410004"/>
			<links>
				<link id="train_228"/>
				<link id="train_224"/>
			</links>
		</track>
		<track id="train_226">
			<transform 30="383.928345" 31="8.675791" 32="-334.524078"/>
			<links>
				<link id="train_229"/>
				<link id="train_223"/>
			</links>
		</track>
		<track id="train_230">
			<transform 30="376.392395" 31="8.675791" 32="-313.454834"/>
			<links>
				<link id="train_232"/>
				<link id="train_249"/>
			</links>
		</track>
		<track id="train_228">
			<transform 30="382.428101" 31="8.675791" 32="-311.9711"/>
			<links>
				<link id="train_225"/>
				<link id="train_255"/>
			</links>
		</track>
		<track id="train_229">
			<transform 30="378.260712" 31="8.675791" 32="-313.336884"/>
			<links>
				<link id="train_226"/>
				<link id="train_252"/>
			</links>
		</track>
		<track id="train_232">
			<transform 30="377.324738" 31="8.675791" 32="-320.710602"/>
			<links>
				<link id="train_230"/>
				<link id="train_233"/>
			</links>
		</track>
		<track id="train_233">
			<transform 30="378.019287" 31="8.675791" 32="-328.02771"/>
			<links>
				<link id="train_232"/>
				<link id="train_234"/>
			</links>
		</track>
		<track id="train_234">
			<transform 30="378.469482" 31="8.675791" 32="-335.444519"/>
			<links>
				<link id="train_233"/>
				<link id="train_235"/>
			</links>
		</track>
		<track id="train_235">
			<transform 30="378.453461" 31="8.675791" 32="-342.735962"/>
			<links>
				<link id="train_236"/>
				<link id="train_234"/>
			</links>
		</track>
		<track id="train_236">
			<transform 30="377.738373" 31="8.675791" 32="-350.035645"/>
			<links>
				<link id="train_238"/>
				<link id="train_235"/>
			</links>
		</track>
		<track id="train_238">
			<transform 30="376.250092" 31="8.675791" 32="-357.273285"/>
			<links>
				<link id="train_239"/>
				<link id="train_236"/>
			</links>
		</track>
		<track id="train_239">
			<transform 30="374.173584" 31="8.675791" 32="-364.276276"/>
			<links>
				<link id="train_240"/>
				<link id="train_238"/>
			</links>
		</track>
		<track id="train_240">
			<transform 30="371.454895" 31="8.675791" 32="-370.984131"/>
			<links>
				<link id="train_241"/>
				<link id="train_239"/>
			</links>
		</track>
		<track id="train_241">
			<transform 30="368.051239" 31="8.675791" 32="-377.495087"/>
			<links>
				<link id="train_242"/>
				<link id="train_240"/>
			</links>
		</track>
		<track id="train_242">
			<transform 30="364.093079" 31="8.675791" 32="-383.620178"/>
			<links>
				<link id="train_243"/>
				<link id="train_241"/>
			</links>
		</track>
		<track id="train_243">
			<transform 30="359.570587" 31="8.675791" 32="-389.351532"/>
			<links>
				<link id="train_244"/>
				<link id="train_242"/>
			</links>
		</track>
		<track id="train_244">
			<transform 30="354.499146" 31="8.675791" 32="-394.733093"/>
			<links>
				<link id="train_245"/>
				<link id="train_243"/>
			</links>
		</track>
		<track id="train_245">
			<transform 30="348.961792" 31="8.675791" 32="-399.531281"/>
			<links>
				<link id="train_246"/>
				<link id="train_244"/>
			</links>
		</track>
		<track id="train_246">
			<transform 30="343.041077" 31="8.675791" 32="-403.776459"/>
			<links>
				<link id="train_247"/>
				<link id="train_245"/>
			</links>
		</track>
		<track id="train_247">
			<transform 30="336.718109" 31="8.675791" 32="-407.431396"/>
			<links>
				<link id="train_183"/>
				<link id="train_246"/>
			</links>
		</track>
		<track id="train_284">
			<transform 30="167.405563" 31="-11.136913" 32="490.490387"/>
			<links>
				<link id="train_282"/>
			</links>
		</track>
		<track id="train_249">
			<transform 30="375.278076" 31="8.675791" 32="-306.294128"/>
			<links>
				<link id="train_230"/>
				<link id="train_251"/>
			</links>
		</track>
		<track id="train_285">
			<transform 30="163.125702" 31="-11.137449" 32="489.529144"/>
			<links>
				<link id="train_283"/>
			</links>
		</track>
		<track id="train_251">
			<transform 30="373.91922" 31="8.675791" 32="-298.91272"/>
			<links>
				<link id="train_249"/>
				<link id="train_252"/>
			</links>
		</track>
		<track id="train_252">
			<transform 30="372.450775" 31="8.675791" 32="-291.717773"/>
			<links>
				<link id="train_253"/>
				<link id="train_229"/>
				<link id="train_251"/>
			</links>
		</track>
		<track id="train_253">
			<transform 30="370.640045" 31="8.675791" 32="-284.856781"/>
			<links>
				<link id="train_252"/>
				<link id="train_256"/>
			</links>
		</track>
		<track id="train_254">
			<transform 30="374.840118" 31="8.675791" 32="-283.683807"/>
			<links>
				<link id="train_255"/>
				<link id="train_257"/>
			</links>
		</track>
		<track id="train_255">
			<transform 30="378.60257" 31="8.675791" 32="-297.715271"/>
			<links>
				<link id="train_254"/>
				<link id="train_228"/>
			</links>
		</track>
		<track id="train_256">
			<transform 30="334.447021" 31="8.675791" 32="-149.785507"/>
			<links>
				<link id="train_253"/>
				<link id="train_259"/>
			</links>
		</track>
		<track id="train_257">
			<transform 30="338.673706" 31="8.675791" 32="-148.686157"/>
			<links>
				<link id="train_254"/>
				<link id="train_258"/>
			</links>
		</track>
		<track id="train_258">
			<transform 30="277.773438" 31="8.675791" 32="78.612221"/>
			<links>
				<link id="train_257"/>
				<link id="train_260"/>
			</links>
		</track>
		<track id="train_259">
			<transform 30="273.540497" 31="8.675791" 32="77.505753"/>
			<links>
				<link id="train_256"/>
				<link id="train_261"/>
			</links>
		</track>
		<track id="train_260">
			<transform 30="269.376038" 31="8.66983" 32="109.894585"/>
			<links>
				<link id="train_258"/>
				<link id="train_262"/>
			</links>
		</track>
		<track id="train_261">
			<transform 30="265.150848" 31="8.671797" 32="108.776726"/>
			<links>
				<link id="train_259"/>
				<link id="train_263"/>
			</links>
		</track>
		<track id="train_262">
			<transform 30="260.83078" 31="7.885791" 32="141.687607"/>
			<links>
				<link id="train_260"/>
				<link id="train_265"/>
			</links>
		</track>
		<track id="train_263">
			<transform 30="256.666077" 31="7.894672" 32="140.683441"/>
			<links>
				<link id="train_261"/>
				<link id="train_264"/>
			</links>
		</track>
		<track id="train_264">
			<transform 30="248.087418" 31="6.943203" 32="172.423447"/>
			<links>
				<link id="train_267"/>
				<link id="train_263"/>
			</links>
		</track>
		<track id="train_265">
			<transform 30="252.33313" 31="6.943203" 32="173.577209"/>
			<links>
				<link id="train_266"/>
				<link id="train_262"/>
			</links>
		</track>
		<track id="train_266">
			<transform 30="243.781357" 31="5.827434" 32="205.505997"/>
			<links>
				<link id="train_268"/>
				<link id="train_265"/>
			</links>
		</track>
		<track id="train_267">
			<transform 30="239.554077" 31="5.827434" 32="204.323257"/>
			<links>
				<link id="train_269"/>
				<link id="train_264"/>
			</links>
		</track>
		<track id="train_268">
			<transform 30="235.244843" 31="4.558689" 32="237.318359"/>
			<links>
				<link id="train_270"/>
				<link id="train_266"/>
			</links>
		</track>
		<track id="train_269">
			<transform 30="231.018524" 31="4.558689" 32="236.149216"/>
			<links>
				<link id="train_271"/>
				<link id="train_267"/>
			</links>
		</track>
		<track id="train_270">
			<transform 30="226.726517" 31="3.143019" 32="269.122711"/>
			<links>
				<link id="train_272"/>
				<link id="train_268"/>
			</links>
		</track>
		<track id="train_271">
			<transform 30="222.483017" 31="3.143019" 32="267.984528"/>
			<links>
				<link id="train_273"/>
				<link id="train_269"/>
			</links>
		</track>
		<track id="train_272">
			<transform 30="218.203156" 31="1.563317" 32="300.951904"/>
			<links>
				<link id="train_275"/>
				<link id="train_270"/>
			</links>
		</track>
	</train_tracks>
	<volcano_markers/>
	<mineral_rocks/>
</definition>

