<?xml version="1.0" encoding="UTF-8"?>
<definition is_island="true" tile_type="2" is_purchasable="true" purchase_cost="75000">
	<meshes>
		<mesh id="mesh0" file_name="meshes/arid_mainland/arid_island_12_10.mesh">
			<transform/>
		</mesh>
		<mesh id="mesh1" file_name="meshes/arid_mainland_assets/car_garage.mesh">
			<transform 00="0.642787" 02="-0.766044" 20="0.766044" 22="0.642787" 30="254.126175" 31="30.78159" 32="271.372223"/>
		</mesh>
		<mesh id="mesh2" file_name="meshes/arctic_tile_22_train_depot.mesh">
			<transform 00="-0.061049" 02="-0.998135" 20="0.998135" 22="-0.061049" 30="-161.63269" 31="46.86924" 32="324.087616"/>
		</mesh>
		<mesh id="mesh5" file_name="meshes/workbench.mesh">
			<transform 00="0.642788" 02="-0.766044" 20="0.766044" 22="0.642788" 30="262.349884" 31="31.696163" 32="268.5401"/>
		</mesh>
		<mesh id="mesh4" file_name="meshes/workbench.mesh">
			<transform 00="0.087156" 02="0.996195" 20="-0.996195" 22="0.087156" 30="-163.945145" 31="48.793217" 32="285.010223"/>
		</mesh>
		<mesh id="mesh5" file_name="meshes/arid_mainland_assets/flatpack_house.mesh">
			<transform 00="0.087156" 02="0.996195" 20="-0.996195" 22="0.087156" 30="-202.471695" 31="47.674946" 32="258.438568"/>
		</mesh>
		<mesh id="p_door" file_name="meshes/arid_mainland_assets/flatpack_door.mesh">
			<transform 00="0.087156" 02="0.996195" 20="-0.996195" 22="0.087156" 30="-202.397003" 31="47.749332" 32="261.530975"/>
		</mesh>
		<mesh id="p_door_2" file_name="meshes/arid_mainland_assets/flatpack_door.mesh">
			<transform 00="0.996195" 02="-0.087156" 20="0.087156" 22="0.996195" 30="-203.735718" 31="47.754578" 32="260.903839"/>
		</mesh>
		<mesh id="mesh8" parent_id="sale_sign_interact" file_name="meshes/for_sale_sign.mesh">
			<transform 30="-192.302414" 31="47.680195" 32="253.796356"/>
		</mesh>
	</meshes>
	<physics_objects/>
	<physics_meshes>
		<physics_mesh id="physics_mesh0" file_name="meshes/arid_mainland/arid_island_12_10.phys">
			<transform/>
		</physics_mesh>
		<physics_mesh id="physics_mesh8" file_name="meshes/arid_mainland_assets/car_garage_phys.phys">
			<transform 00="0.642788" 02="-0.766044" 20="0.766044" 22="0.642788" 30="254.126175" 31="30.78159" 32="271.372223"/>
		</physics_mesh>
		<physics_mesh id="physics_mesh2" file_name="meshes/workbench_phys.phys">
			<transform 00="0.087156" 02="0.996195" 20="-0.996195" 22="0.087156" 30="-163.945145" 31="48.793217" 32="284.998596"/>
		</physics_mesh>
		<physics_mesh id="physics_mesh3" file_name="meshes/workbench_phys.phys">
			<transform 00="0.642788" 02="-0.766044" 20="0.766044" 22="0.642788" 30="262.349884" 31="31.696163" 32="268.5401"/>
		</physics_mesh>
		<physics_mesh id="physics_mesh8" file_name="meshes/arctic_tile_22_train_depot_phys.phys">
			<transform 00="-0.061049" 02="-0.998135" 20="0.998135" 22="-0.061049" 30="-161.63269" 31="46.86924" 32="324.087616"/>
		</physics_mesh>
		<physics_mesh id="physics_mesh5" file_name="meshes/arid_mainland_assets/flatpack_house_phys.phys">
			<transform 00="0.087156" 02="0.996195" 20="-0.996195" 22="0.087156" 30="-202.471695" 31="47.674946" 32="258.438568"/>
		</physics_mesh>
		<physics_mesh id="p_door_phys" parent_id="p_door" file_name="meshes/arid_mainland_assets/flatpack_door_phys.phys">
			<transform 00="0.087156" 02="0.996195" 20="-0.996195" 22="0.087156" 30="-202.397003" 31="47.749332" 32="261.530975"/>
		</physics_mesh>
		<physics_mesh id="p_door_2_phys" parent_id="p_door_2" file_name="meshes/arid_mainland_assets/flatpack_door_phys.phys">
			<transform 00="0.996195" 02="-0.087156" 20="0.087156" 22="0.996195" 30="-203.735718" 31="47.754578" 32="260.903839"/>
		</physics_mesh>
		<physics_mesh id="sale_sign_phys" parent_id="sale_sign_interact" file_name="meshes/for_sale_sign_phys.phys">
			<transform 30="-192.302414" 31="47.680195" 32="253.796356"/>
		</physics_mesh>
	</physics_meshes>
	<physics_dynamics/>
	<lights_omni>
		<light id="omni0" radius="7" is_render_halo="true">
			<transform 30="261.441498" 31="34.108185" 32="273.012909"/>
			<color x="5" y="5" z="5"/>
		</light>
		<light id="omni1" radius="10" is_render_halo="true">
			<transform 30="-162.436996" 31="55.107616" 32="310.949677"/>
			<color x="1" y="1" z="1"/>
		</light>
		<light id="omni2" radius="10" is_render_halo="true">
			<transform 30="-163.10701" 31="55.100792" 32="299.953217"/>
			<color x="1" y="1" z="1"/>
		</light>
		<light id="omni3" radius="10" is_render_halo="true">
			<transform 30="-163.77655" 31="55.116199" 32="288.980804"/>
			<color x="1" y="1" z="1"/>
		</light>
		<light id="omni4" radius="10" is_render_halo="true">
			<transform 30="-179.21434" 31="55.119148" 32="289.896881"/>
			<color x="1" y="1" z="1"/>
		</light>
		<light id="omni5" radius="10" is_render_halo="true">
			<transform 30="-178.534546" 31="55.123943" 32="300.91452"/>
			<color x="1" y="1" z="1"/>
		</light>
		<light id="omni6" radius="10" is_render_halo="true">
			<transform 30="-177.867752" 31="55.130714" 32="311.900635"/>
			<color x="1" y="1" z="1"/>
		</light>
		<light id="omni7" radius="10" is_render_halo="true">
			<transform 30="-147.020035" 31="55.097332" 32="309.999542"/>
			<color x="1" y="1" z="1"/>
		</light>
		<light id="omni8" radius="10" is_render_halo="true">
			<transform 30="-147.690781" 31="55.11927" 32="299.012756"/>
			<color x="1" y="1" z="1"/>
		</light>
		<light id="omni9" radius="10" is_render_halo="true">
			<transform 30="-148.355545" 31="55.123589" 32="288.033661"/>
			<color x="1" y="1" z="1"/>
		</light>
		<light id="omni10" radius="0.5" is_render_halo="true">
			<transform 30="-148.726074" 31="55.480167" 32="282.838531"/>
			<color x="1" y="1" z="1"/>
		</light>
		<light id="omni11" radius="0.5" is_render_halo="true">
			<transform 30="-159.986954" 31="55.487022" 32="283.5242"/>
			<color x="1" y="1" z="1"/>
		</light>
		<light id="omni12" radius="0.5" is_render_halo="true">
			<transform 30="-168.157394" 31="55.4785" 32="284.027344"/>
			<color x="1" y="1" z="1"/>
		</light>
		<light id="omni13" radius="0.5" is_render_halo="true">
			<transform 30="-179.552078" 31="55.483807" 32="284.72525"/>
			<color x="1" y="1" z="1"/>
		</light>
		<light id="p_omni_a" radius="5" is_render_halo="true">
			<transform 00="0.996195" 02="-0.087156" 20="0.087156" 22="0.996195" 30="-203.938065" 31="50.141121" 32="263.266205"/>
			<color x="3" y="3" z="2.5"/>
		</light>
		<light id="p_omni_b" radius="5" is_render_halo="true">
			<transform 00="0.996195" 02="-0.087156" 20="0.087156" 22="0.996195" 30="-204.230988" 31="50.141121" 32="259.917999"/>
			<color x="1" y="1" z="1"/>
		</light>
		<light id="omni16" radius="2" is_render_halo="true">
			<transform 30="-146.985657" 31="49.050453" 32="310.561005"/>
			<color x="3"/>
		</light>
		<light id="omni17" radius="2" is_render_halo="true">
			<transform 30="-158.354004" 31="49.03907" 32="311.355591"/>
			<color x="3"/>
		</light>
		<light id="omni18" radius="2" is_render_halo="true">
			<transform 30="-166.437347" 31="49.03907" 32="311.867676"/>
			<color x="3"/>
		</light>
		<light id="omni19" radius="2" is_render_halo="true">
			<transform 30="-177.818497" 31="49.03907" 32="312.57196"/>
			<color x="3"/>
		</light>
	</lights_omni>
	<lights_spot>
		<light id="spot0" range="15" fov="0.261799" texture="graphics/ies/ies_default.txtr">
			<transform 00="-1" 11="0.5" 12="-0.866025" 21="-0.866025" 22="-0.5" 30="-168.14653" 31="55.491276" 32="284.033539"/>
			<color x="1" y="1" z="1"/>
		</light>
		<light id="spot1" range="15" fov="0.261799" texture="graphics/ies/ies_default.txtr">
			<transform 00="-1" 11="0.5" 12="-0.866025" 21="-0.866025" 22="-0.5" 30="-159.980621" 31="55.488747" 32="283.52887"/>
			<color x="1" y="1" z="1"/>
		</light>
		<light id="spot2" range="15" fov="0.261799" texture="graphics/ies/ies_default.txtr">
			<transform 00="-1" 11="0.5" 12="-0.866025" 21="-0.866025" 22="-0.5" 30="-179.545258" 31="55.485909" 32="284.72171"/>
			<color x="1" y="1" z="1"/>
		</light>
		<light id="spot3" range="15" fov="0.261799" texture="graphics/ies/ies_default.txtr">
			<transform 00="-1" 11="0.5" 12="-0.866025" 21="-0.866025" 22="-0.5" 30="-148.721527" 31="55.48711" 32="282.847382"/>
			<color x="1" y="1" z="1"/>
		</light>
	</lights_spot>
	<lights_tube/>
	<screens/>
	<edit_areas>
		<edit_area id="workbench_car_edit" grid_size="3">
			<transform 00="-0.669131" 02="0.743145" 20="-0.743145" 22="-0.669131" 30="268.889069" 31="33.808372" 32="261.447235"/>
			<size x="16.5" y="6" z="18.5"/>
		</edit_area>
		<edit_area id="workbench_edit" grid_size="7">
			<transform 00="-0.998135" 02="0.061049" 20="-0.061049" 22="-0.998135" 30="-167.313995" 31="50.942471" 32="298.819672"/>
			<size x="5" y="6" z="25"/>
		</edit_area>
		<edit_area id="edit2" grid_size="5" is_static="true" default_vehicle="bed" is_invisible_vehicle="true">
			<transform 00="-0.080639" 02="-0.996743" 20="0.996743" 22="-0.080639" 30="-204.100372" 31="48.110806" 32="266.177734"/>
			<size x="0.75" y="0.25" z="1.75"/>
		</edit_area>
	</edit_areas>
	<interactables>
		<interactable id="workbench_int" target_object_id="workbench_car_edit" label="Workbench" interact_type="2">
			<transform 00="0.642788" 02="-0.766044" 20="0.766044" 22="0.642788" 30="262.564514" 31="31.696163" 32="268.284302"/>
			<size x="1" y="2" z="2"/>
		</interactable>
		<interactable id="omni_int" target_object_id="omni_logic" label="Lights">
			<transform 00="0.996195" 02="-0.087156" 20="0.087156" 22="0.996195" 30="-156.139801" 31="48.358425" 32="285.340149"/>
			<size x="0.5" y="0.5" z="0.5"/>
		</interactable>
		<interactable id="workbench_int" target_object_id="workbench_edit" label="Workbench" interact_type="2">
			<transform 00="0.087156" 02="0.996195" 20="-0.996195" 22="0.087156" 30="-163.929626" 31="48.793217" 32="285.0271"/>
			<size x="1" y="2" z="2"/>
		</interactable>
		<interactable id="p_door_2_int" target_object_id="p_door_2_logic" label="Door">
			<transform 00="0.996195" 02="-0.087156" 20="0.087156" 22="0.996195" 30="-203.293533" 31="48.831753" 32="260.912964"/>
			<size x="1" y="2" z="0.3"/>
		</interactable>
		<interactable id="p_door_int" parent_id="p_door" target_object_id="p_door_logic" label="Door">
			<transform 30="-202.397003" 31="48.950397" 32="262.000671"/>
			<size x="0.3" y="2" z="1"/>
		</interactable>
		<interactable id="p_omni_a_int" target_object_id="p_omni_a_logic" label="Lights">
			<transform 00="0.995954" 02="-0.08986" 20="0.08986" 22="0.995954" 30="-202.545166" 31="48.895798" 32="262.720581"/>
			<size x="0.3" y="0.3" z="0.3"/>
		</interactable>
		<interactable id="p_omni_b_int" target_object_id="p_omni_b_logic" label="Lights">
			<transform 00="0.996115" 02="-0.08806" 20="0.08806" 22="0.996115" 30="-204.015305" 31="48.921906" 32="260.765167"/>
			<size x="0.3" y="0.3" z="0.3"/>
		</interactable>
		<interactable id="interact7" label="Wardrobe" interact_type="4">
			<transform 00="0.996628" 02="-0.082049" 20="0.082049" 22="0.996628" 30="-202.629745" 31="48.887486" 32="266.056641"/>
			<size x="1" y="2" z="0.5"/>
		</interactable>
		<interactable id="sale_sign_interact" label="Buy Island" interact_type="3">
			<transform 30="-191.710861" 31="48.72715" 32="254.343048"/>
			<size x="2" y="2" z="2"/>
		</interactable>
		<interactable id="interact9" label="Wardrobe" interact_type="4">
			<transform 00="0.652552" 02="-0.757744" 20="0.757744" 22="0.652552" 30="258.40976" 31="32.009445" 32="273.614929"/>
			<size x="0.5" y="2" z="1.5"/>
		</interactable>
	</interactables>
	<door_logic_nodes>
		<logic id="p_door_2_logic" target_a="p_door_2_closed" target_b="p_door_2_open" target_movable="p_door_2" anim_duration="100">
			<transform 30="-204.022202" 31="48.831753" 32="261.52301"/>
		</logic>
		<logic id="p_door_logic" target_a="p_door_closed" target_b="p_door_open" target_movable="p_door" anim_duration="100">
			<transform 30="-202.397003" 31="48.950397" 32="260.828644"/>
		</logic>
	</door_logic_nodes>
	<light_logic_nodes>
		<logic id="omni1_logic" target="omni1" is_on="true" flicker_duration="60" flash_on_duration="30" flash_off_duration="30">
			<transform 30="-157.081253" 31="48.887089" 32="285.654449"/>
		</logic>
		<logic id="omni2_logic" target="omni2" is_on="true" flicker_duration="60" flash_on_duration="30" flash_off_duration="30">
			<transform 30="-157.081253" 31="49.14196" 32="285.654449"/>
		</logic>
		<logic id="omni3_logic" target="omni3" is_on="true" flicker_duration="60" flash_on_duration="30" flash_off_duration="30">
			<transform 30="-157.081253" 31="49.395874" 32="285.654449"/>
		</logic>
		<logic id="omni4_logic" target="omni4" is_on="true" flicker_duration="60" flash_on_duration="30" flash_off_duration="30">
			<transform 30="-157.081253" 31="49.64991" 32="285.654449"/>
		</logic>
		<logic id="omni5_logic" target="omni5" is_on="true" flicker_duration="60" flash_on_duration="30" flash_off_duration="30">
			<transform 30="-157.081253" 31="49.903587" 32="285.654449"/>
		</logic>
		<logic id="omni6_logic" target="omni6" is_on="true" flash_on_duration="30" flash_off_duration="30">
			<transform 30="-157.081253" 31="50.135628" 32="285.654449"/>
		</logic>
		<logic id="omni7_logic" target="omni7" is_on="true" flicker_duration="60" flash_on_duration="30" flash_off_duration="30">
			<transform 30="-157.081253" 31="50.381496" 32="285.654449"/>
		</logic>
		<logic id="omni8_logic" target="omni8" is_on="true" flicker_duration="60" flash_on_duration="30" flash_off_duration="30">
			<transform 30="-157.081253" 31="50.627602" 32="285.654449"/>
		</logic>
		<logic id="omni9_logic" target="omni9" is_on="true" flash_on_duration="30" flash_off_duration="30">
			<transform 30="-157.081253" 31="50.868881" 32="285.654449"/>
		</logic>
		<logic id="p_omni_a_logic" target="p_omni_a" is_on="true" flash_on_duration="30" flash_off_duration="30">
			<transform 30="-202.545166" 31="49.390873" 32="262.720581"/>
		</logic>
		<logic id="p_omni_b_logic" purchase_interactable_id="p_omni_b" target="p_omni_b" flash_on_duration="30" flash_off_duration="30">
			<transform 30="-204.015305" 31="49.600685" 32="260.765167"/>
		</logic>
	</light_logic_nodes>
	<rotation_logic_nodes/>
	<hangar_door_logic_nodes>
		<logic id="omni_group_logic" target_id_0="omni1_logic" target_id_1="omni2_logic" target_id_2="omni3_logic" target_id_3="omni4_logic" target_id_4="omni5_logic" target_id_5="omni6_logic" target_id_6="omni7_logic" target_id_7="omni8_logic">
			<transform 30="-156.603287" 31="48.887089" 32="285.654449"/>
		</logic>
		<logic id="omni_logic" target_id_0="omni_group_logic" target_id_1="omni9_logic">
			<transform 30="-156.603287" 31="49.154415" 32="285.654449"/>
		</logic>
	</hangar_door_logic_nodes>
	<audio_logic_nodes/>
	<tile_markers>
		<markers id="p_door_2_closed" marker_type="8" icon="1">
			<transform 00="0.996195" 02="-0.087156" 20="0.087156" 22="0.996195" 30="-203.735718" 31="47.754578" 32="260.903839"/>
		</markers>
		<markers id="p_door_2_open" marker_type="8" icon="1">
			<transform 00="0.087156" 02="0.996195" 20="-0.996195" 22="0.087156" 30="-203.735718" 31="47.754578" 32="260.903839"/>
		</markers>
		<markers id="p_door_open" marker_type="8" icon="1">
			<transform 00="0.996195" 02="-0.087156" 20="0.087156" 22="0.996195" 30="-202.397003" 31="47.749332" 32="261.530975"/>
		</markers>
		<markers id="p_door_closed" marker_type="8" icon="1">
			<transform 00="0.087156" 02="0.996195" 20="-0.996195" 22="0.087156" 30="-202.397003" 31="47.749332" 32="261.530975"/>
		</markers>
		<markers id="tile_marker4" marker_type="5" icon="1">
			<transform 00="-0.92264" 02="-0.385663" 20="0.385663" 22="-0.92264" 30="-203.216385" 31="48.827763" 32="265.062469"/>
		</markers>
		<markers id="tile_marker5" marker_type="13" string_data="Lex Truck Stop" icon="1">
			<transform 30="-403.051666" 31="50.141121" 32="232.719482"/>
		</markers>
		<markers id="tile_marker6" marker_type="13" string_data="Mauve Train Yard" icon="1">
			<transform 30="-168.774948" 31="70.066978" 32="287.730743"/>
		</markers>
		<markers id="tile_marker7" marker_type="13" string_data="Hyanen Garage" icon="1">
			<transform 30="268.889069" 31="36.301041" 32="261.447235"/>
		</markers>
	</tile_markers>
	<mission_zones/>
	<dynamic_markers>
		<dynamic_marker id="dynamic_marker_item0" item_type="29">
			<transform 30="268.58197" 31="30.904375" 32="273.939148"/>
		</dynamic_marker>
	</dynamic_markers>
	<ladders/>
	<perches>
		<perch id="perch0">
			<transform 00="0.98386" 01="0.178942" 10="-0.178942" 11="0.98386" 30="-53.442883" 31="54.091133" 32="-173.57843"/>
		</perch>
		<perch id="perch1">
			<transform 00="0.41115" 01="0.115222" 02="-0.904257" 10="-0.047691" 11="0.99334" 12="0.104889" 20="0.910319" 22="0.413906" 30="-56.189438" 31="53.916611" 32="-176.401917"/>
		</perch>
		<perch id="perch2">
			<transform 30="-56.189438" 31="43.789127" 32="-333.463867"/>
		</perch>
		<perch id="perch3">
			<transform 30="-315.099579" 31="37.251526" 32="308.198486"/>
		</perch>
		<perch id="perch4">
			<transform 30="-313.251678" 31="44.183247" 32="308.198486"/>
		</perch>
		<perch id="perch5">
			<transform 30="-311.007721" 31="43.657356" 32="304.652618"/>
		</perch>
		<perch id="perch6">
			<transform 30="259.718048" 31="36.927097" 32="267.430939"/>
		</perch>
		<perch id="perch7">
			<transform 30="256.078827" 31="39.494568" 32="173.532974"/>
		</perch>
		<perch id="perch8">
			<transform 00="-0.381614" 02="-0.924322" 20="0.924322" 22="-0.381614" 30="268.559753" 31="42.259895" 32="176.201233"/>
		</perch>
	</perches>
	<fires/>
	<train_tracks>
		<track id="train_78">
			<transform 30="-181.949997" 31="47.509998" 32="-500"/>
			<links>
				<link id="train_86"/>
			</links>
		</track>
		<track id="train_79">
			<transform 30="-186.296188" 31="47.509998" 32="-498.401764"/>
			<links>
				<link id="train_85"/>
			</links>
		</track>
		<track id="train_80">
			<transform 30="-186.346252" 31="47.509998" 32="-500"/>
			<links>
				<link id="train_82"/>
			</links>
		</track>
		<track id="train_81">
			<transform 30="-190.410004" 31="47.509998" 32="-500"/>
			<links>
				<link id="train_89"/>
			</links>
		</track>
		<track id="train_82">
			<transform 30="-187.076355" 31="47.509998" 32="-488.687378"/>
			<links>
				<link id="train_80"/>
				<link id="train_83"/>
			</links>
		</track>
		<track id="train_83">
			<transform 30="-187.637573" 31="47.507317" 32="-465.29303"/>
			<links>
				<link id="train_82"/>
				<link id="train_183"/>
			</links>
		</track>
		<track id="train_84">
			<transform 30="-189.480789" 31="47.507317" 32="-465.398346"/>
			<links>
				<link id="train_85"/>
				<link id="train_93"/>
			</links>
		</track>
		<track id="train_85">
			<transform 30="-186.641998" 31="47.509998" 32="-494.845428"/>
			<links>
				<link id="train_79"/>
				<link id="train_84"/>
			</links>
		</track>
		<track id="train_86">
			<transform 30="-182.292358" 31="47.509998" 32="-494.518585"/>
			<links>
				<link id="train_87"/>
				<link id="train_78"/>
			</links>
		</track>
		<track id="train_87">
			<transform 30="-182.498413" 31="47.509998" 32="-488.407227"/>
			<links>
				<link id="train_86"/>
				<link id="train_88"/>
			</links>
		</track>
		<track id="train_88">
			<transform 30="-183.285492" 31="47.509998" 32="-465.129059"/>
			<links>
				<link id="train_87"/>
				<link id="train_184"/>
			</links>
		</track>
		<track id="train_89">
			<transform 30="-190.934265" 31="47.509998" 32="-495.312378"/>
			<links>
				<link id="train_81"/>
				<link id="train_90"/>
			</links>
		</track>
		<track id="train_90">
			<transform 30="-191.581451" 31="47.509998" 32="-489.177216"/>
			<links>
				<link id="train_89"/>
				<link id="train_91"/>
			</links>
		</track>
		<track id="train_91">
			<transform 30="-193.829926" 31="47.509998" 32="-465.823395"/>
			<links>
				<link id="train_92"/>
				<link id="train_90"/>
			</links>
		</track>
		<track id="train_92">
			<transform 30="-196.126144" 31="47.509998" 32="-430.483276"/>
			<links>
				<link id="train_95"/>
				<link id="train_91"/>
			</links>
		</track>
		<track id="train_93">
			<transform 30="-191.745529" 31="47.509998" 32="-430.296722"/>
			<links>
				<link id="train_94"/>
				<link id="train_84"/>
			</links>
		</track>
		<track id="train_94">
			<transform 30="-192.396713" 31="47.872276" 32="-413.900146"/>
			<links>
				<link id="train_97"/>
				<link id="train_93"/>
			</links>
		</track>
		<track id="train_95">
			<transform 30="-196.752914" 31="47.872276" 32="-413.985748"/>
			<links>
				<link id="train_96"/>
				<link id="train_92"/>
			</links>
		</track>
		<track id="train_96">
			<transform 30="-196.891083" 31="48.224419" 32="-397.474945"/>
			<links>
				<link id="train_99"/>
				<link id="train_95"/>
			</links>
		</track>
		<track id="train_97">
			<transform 30="-192.518997" 31="48.224419" 32="-397.474945"/>
			<links>
				<link id="train_98"/>
				<link id="train_94"/>
			</links>
		</track>
		<track id="train_98">
			<transform 30="-192.088058" 31="48.21983" 32="-380.386719"/>
			<links>
				<link id="train_101"/>
				<link id="train_97"/>
			</links>
		</track>
		<track id="train_99">
			<transform 30="-196.471802" 31="48.224957" 32="-380.386719"/>
			<links>
				<link id="train_100"/>
				<link id="train_96"/>
			</links>
		</track>
		<track id="train_100">
			<transform 30="-196.14183" 31="48.224541" 32="-362.468262"/>
			<links>
				<link id="train_103"/>
				<link id="train_99"/>
			</links>
		</track>
		<track id="train_101">
			<transform 30="-191.766556" 31="48.224541" 32="-362.468262"/>
			<links>
				<link id="train_102"/>
				<link id="train_98"/>
			</links>
		</track>
		<track id="train_102">
			<transform 30="-191.342438" 31="48.224541" 32="-343.732086"/>
			<links>
				<link id="train_105"/>
				<link id="train_101"/>
			</links>
		</track>
		<track id="train_103">
			<transform 30="-195.713959" 31="48.224541" 32="-343.6987"/>
			<links>
				<link id="train_104"/>
				<link id="train_100"/>
			</links>
		</track>
		<track id="train_104">
			<transform 30="-195.179214" 31="48.224541" 32="-324.127014"/>
			<links>
				<link id="train_107"/>
				<link id="train_103"/>
			</links>
		</track>
		<track id="train_105">
			<transform 30="-190.790054" 31="48.224541" 32="-324.178345"/>
			<links>
				<link id="train_106"/>
				<link id="train_102"/>
			</links>
		</track>
		<track id="train_106">
			<transform 30="-190.172348" 31="48.224541" 32="-303.790466"/>
			<links>
				<link id="train_109"/>
				<link id="train_105"/>
			</links>
		</track>
		<track id="train_107">
			<transform 30="-194.553467" 31="48.224541" 32="-303.752075"/>
			<links>
				<link id="train_108"/>
				<link id="train_104"/>
			</links>
		</track>
		<track id="train_108">
			<transform 30="-193.831741" 31="48.224541" 32="-282.506561"/>
			<links>
				<link id="train_110"/>
				<link id="train_107"/>
			</links>
		</track>
		<track id="train_109">
			<transform 30="-189.442352" 31="48.224541" 32="-282.576843"/>
			<links>
				<link id="train_111"/>
				<link id="train_106"/>
			</links>
		</track>
		<track id="train_110">
			<transform 30="-192.993149" 31="48.224541" 32="-260.468719"/>
			<links>
				<link id="train_112"/>
				<link id="train_108"/>
			</links>
		</track>
		<track id="train_111">
			<transform 30="-188.609879" 31="48.224541" 32="-260.553833"/>
			<links>
				<link id="train_113"/>
				<link id="train_109"/>
			</links>
		</track>
		<track id="train_112">
			<transform 30="-192.090652" 31="48.213272" 32="-237.594254"/>
			<links>
				<link id="train_115"/>
				<link id="train_110"/>
			</links>
		</track>
		<track id="train_113">
			<transform 30="-187.663879" 31="48.208149" 32="-237.675964"/>
			<links>
				<link id="train_114"/>
				<link id="train_111"/>
			</links>
		</track>
		<track id="train_114">
			<transform 30="-186.673935" 31="48.18985" 32="-213.969238"/>
			<links>
				<link id="train_117"/>
				<link id="train_113"/>
			</links>
		</track>
		<track id="train_115">
			<transform 30="-191.043121" 31="48.190445" 32="-213.877686"/>
			<links>
				<link id="train_116"/>
				<link id="train_112"/>
			</links>
		</track>
		<track id="train_116">
			<transform 30="-189.933762" 31="48.189255" 32="-189.349976"/>
			<links>
				<link id="train_119"/>
				<link id="train_115"/>
			</links>
		</track>
		<track id="train_117">
			<transform 30="-185.522156" 31="48.189255" 32="-189.444504"/>
			<links>
				<link id="train_118"/>
				<link id="train_114"/>
			</links>
		</track>
		<track id="train_118">
			<transform 30="-184.587372" 31="48.189255" 32="-169.11351"/>
			<links>
				<link id="train_121"/>
				<link id="train_117"/>
			</links>
		</track>
		<track id="train_119">
			<transform 30="-188.958374" 31="48.189255" 32="-169.013855"/>
			<links>
				<link id="train_120"/>
				<link id="train_116"/>
			</links>
		</track>
		<track id="train_120">
			<transform 30="-188.064545" 31="48.189255" 32="-150.917648"/>
			<links>
				<link id="train_123"/>
				<link id="train_119"/>
			</links>
		</track>
		<track id="train_121">
			<transform 30="-183.691315" 31="48.189255" 32="-151.051285"/>
			<links>
				<link id="train_118"/>
				<link id="train_122"/>
			</links>
		</track>
		<track id="train_122">
			<transform 30="-182.772537" 31="48.189255" 32="-132.580399"/>
			<links>
				<link id="train_125"/>
				<link id="train_121"/>
			</links>
		</track>
		<track id="train_123">
			<transform 30="-187.126846" 31="48.189255" 32="-132.42572"/>
			<links>
				<link id="train_124"/>
				<link id="train_120"/>
			</links>
		</track>
		<track id="train_124">
			<transform 30="-186.141998" 31="48.189255" 32="-113.529442"/>
			<links>
				<link id="train_123"/>
				<link id="train_127"/>
			</links>
		</track>
		<track id="train_125">
			<transform 30="-181.763123" 31="48.189255" 32="-113.697708"/>
			<links>
				<link id="train_126"/>
				<link id="train_122"/>
			</links>
		</track>
		<track id="train_126">
			<transform 30="-180.73291" 31="48.189255" 32="-94.395042"/>
			<links>
				<link id="train_129"/>
				<link id="train_125"/>
			</links>
		</track>
		<track id="train_127">
			<transform 30="-185.11171" 31="48.189255" 32="-94.26767"/>
			<links>
				<link id="train_128"/>
				<link id="train_124"/>
			</links>
		</track>
		<track id="train_128">
			<transform 30="-184.013672" 31="48.189255" 32="-74.587814"/>
			<links>
				<link id="train_131"/>
				<link id="train_127"/>
			</links>
		</track>
		<track id="train_129">
			<transform 30="-179.648819" 31="48.189255" 32="-74.732895"/>
			<links>
				<link id="train_130"/>
				<link id="train_126"/>
			</links>
		</track>
		<track id="train_130">
			<transform 30="-178.756409" 31="47.978493" 32="-55.132442"/>
			<links>
				<link id="train_129"/>
				<link id="train_133"/>
			</links>
		</track>
		<track id="train_131">
			<transform 30="-183.145813" 31="47.978493" 32="-54.979259"/>
			<links>
				<link id="train_132"/>
				<link id="train_128"/>
			</links>
		</track>
		<track id="train_132">
			<transform 30="-182.439789" 31="47.978493" 32="-35.007053"/>
			<links>
				<link id="train_139"/>
				<link id="train_131"/>
			</links>
		</track>
		<track id="train_133">
			<transform 30="-178.045853" 31="47.978493" 32="-35.189205"/>
			<links>
				<link id="train_134"/>
				<link id="train_130"/>
			</links>
		</track>
		<track id="train_134">
			<transform 30="-177.467682" 31="47.978493" 32="-18.809284"/>
			<links>
				<link id="train_133"/>
				<link id="train_135"/>
			</links>
		</track>
		<track id="train_135">
			<transform 30="-176.020264" 31="47.978493" 32="18.405622"/>
			<links>
				<link id="train_134"/>
				<link id="train_142"/>
			</links>
		</track>
		<track id="train_136">
			<transform 30="-181.840759" 31="47.978493" 32="-18.809284"/>
			<links>
				<link id="train_138"/>
				<link id="train_139"/>
			</links>
		</track>
		<track id="train_137">
			<transform 30="-181.475357" 31="47.978493" 32="-18.809284"/>
			<links>
				<link id="train_139"/>
				<link id="train_140"/>
			</links>
		</track>
		<track id="train_138">
			<transform 30="-180.451141" 31="47.978493" 32="18.623447"/>
			<links>
				<link id="train_136"/>
				<link id="train_143"/>
			</links>
		</track>
		<track id="train_139">
			<transform 30="-182.137482" 31="47.978493" 32="-26.822502"/>
			<links>
				<link id="train_132"/>
				<link id="train_136"/>
				<link id="train_137"/>
			</links>
		</track>
		<track id="train_140">
			<transform 30="-177.999146" 31="47.978493" 32="18.503254"/>
			<links>
				<link id="train_137"/>
				<link id="train_141"/>
			</links>
		</track>
		<track id="train_141">
			<transform 30="-174.853485" 31="47.978493" 32="46.709362"/>
			<links>
				<link id="train_140"/>
				<link id="train_142"/>
			</links>
		</track>
		<track id="train_142">
			<transform 30="-174.653824" 31="47.978493" 32="50.522987"/>
			<links>
				<link id="train_135"/>
				<link id="train_141"/>
				<link id="train_145"/>
			</links>
		</track>
		<track id="train_143">
			<transform 30="-179.022644" 31="47.978493" 32="50.894951"/>
			<links>
				<link id="train_138"/>
				<link id="train_144"/>
			</links>
		</track>
		<track id="train_144">
			<transform 30="-176.252869" 31="47.978493" 32="110.27095"/>
			<links>
				<link id="train_143"/>
				<link id="train_148"/>
			</links>
		</track>
		<track id="train_145">
			<transform 30="-171.885162" 31="47.978493" 32="110.028358"/>
			<links>
				<link id="train_142"/>
				<link id="train_149"/>
			</links>
		</track>
		<track id="train_146">
			<transform 30="-173.724915" 31="47.978493" 32="156.100372"/>
			<links>
				<link id="train_148"/>
				<link id="train_173"/>
			</links>
		</track>
		<track id="train_147">
			<transform 30="-169.426437" 31="47.978493" 32="155.824646"/>
			<links>
				<link id="train_149"/>
				<link id="train_182"/>
			</links>
		</track>
		<track id="train_148">
			<transform 30="-175.070847" 31="47.978493" 32="132.286331"/>
			<links>
				<link id="train_144"/>
				<link id="train_146"/>
				<link id="train_150"/>
			</links>
		</track>
		<track id="train_149">
			<transform 30="-170.688766" 31="47.978493" 32="132.098404"/>
			<links>
				<link id="train_145"/>
				<link id="train_147"/>
				<link id="train_163"/>
			</links>
		</track>
		<track id="train_150">
			<transform 30="-175.28363" 31="47.978493" 32="135.093903"/>
			<links>
				<link id="train_148"/>
				<link id="train_151"/>
			</links>
		</track>
		<track id="train_151">
			<transform 30="-175.450989" 31="47.978493" 32="137.120453"/>
			<links>
				<link id="train_150"/>
				<link id="train_152"/>
			</links>
		</track>
		<track id="train_152">
			<transform 30="-176.270798" 31="47.978493" 32="143.545822"/>
			<links>
				<link id="train_151"/>
				<link id="train_153"/>
			</links>
		</track>
		<track id="train_153">
			<transform 30="-177.211533" 31="47.978493" 32="149.964233"/>
			<links>
				<link id="train_152"/>
				<link id="train_154"/>
			</links>
		</track>
		<track id="train_154">
			<transform 30="-178.200195" 31="47.978493" 32="156.340561"/>
			<links>
				<link id="train_155"/>
				<link id="train_153"/>
			</links>
		</track>
		<track id="train_155">
			<transform 30="-180.591003" 31="47.978493" 32="170.940369"/>
			<links>
				<link id="train_156"/>
				<link id="train_154"/>
			</links>
		</track>
		<track id="train_156">
			<transform 30="-181.720154" 31="47.978493" 32="178.424927"/>
			<links>
				<link id="train_157"/>
				<link id="train_155"/>
			</links>
		</track>
		<track id="train_157">
			<transform 30="-182.63591" 31="47.978493" 32="186.47673"/>
			<links>
				<link id="train_158"/>
				<link id="train_156"/>
			</links>
		</track>
		<track id="train_158">
			<transform 30="-183.137421" 31="47.978493" 32="194.119293"/>
			<links>
				<link id="train_157"/>
				<link id="train_159"/>
			</links>
		</track>
		<track id="train_159">
			<transform 30="-183.627014" 31="47.978493" 32="212.458282"/>
			<links>
				<link id="train_158"/>
				<link id="train_160"/>
			</links>
		</track>
		<track id="train_160">
			<transform 30="-183.417023" 31="47.978493" 32="227.580811"/>
			<links>
				<link id="train_161"/>
				<link id="train_159"/>
			</links>
		</track>
		<track id="train_161">
			<transform 30="-177.795746" 31="47.97295" 32="311.580566"/>
			<links>
				<link id="train_160"/>
			</links>
		</track>
		<track id="train_162">
			<transform 30="-169.802368" 31="47.978493" 32="136.829819"/>
			<links>
				<link id="train_163"/>
				<link id="train_164"/>
			</links>
		</track>
		<track id="train_163">
			<transform 30="-170.186401" 31="47.978493" 32="134.818817"/>
			<links>
				<link id="train_149"/>
				<link id="train_162"/>
			</links>
		</track>
		<track id="train_164">
			<transform 30="-168.315018" 31="47.978493" 32="143.057907"/>
			<links>
				<link id="train_162"/>
				<link id="train_165"/>
			</links>
		</track>
		<track id="train_165">
			<transform 30="-166.655533" 31="47.978493" 32="149.336731"/>
			<links>
				<link id="train_164"/>
				<link id="train_166"/>
			</links>
		</track>
		<track id="train_166">
			<transform 30="-164.954391" 31="47.978493" 32="155.596039"/>
			<links>
				<link id="train_167"/>
				<link id="train_165"/>
			</links>
		</track>
		<track id="train_167">
			<transform 30="-160.952713" 31="47.978493" 32="169.862106"/>
			<links>
				<link id="train_166"/>
				<link id="train_168"/>
			</links>
		</track>
		<track id="train_168">
			<transform 30="-158.929825" 31="47.978493" 32="177.412888"/>
			<links>
				<link id="train_167"/>
				<link id="train_169"/>
			</links>
		</track>
		<track id="train_169">
			<transform 30="-157.195007" 31="47.978493" 32="185.049026"/>
			<links>
				<link id="train_168"/>
				<link id="train_170"/>
			</links>
		</track>
		<track id="train_170">
			<transform 30="-155.846542" 31="47.978493" 32="192.56189"/>
			<links>
				<link id="train_169"/>
				<link id="train_171"/>
			</links>
		</track>
		<track id="train_171">
			<transform 30="-153.68927" 31="47.978493" 32="210.575958"/>
			<links>
				<link id="train_172"/>
				<link id="train_170"/>
			</links>
		</track>
		<track id="train_172">
			<transform 30="-146.994186" 31="47.978493" 32="309.667084"/>
			<links>
				<link id="train_171"/>
			</links>
		</track>
		<track id="train_173">
			<transform 30="-173.617004" 31="47.978493" 32="169.816879"/>
			<links>
				<link id="train_174"/>
				<link id="train_146"/>
			</links>
		</track>
		<track id="train_174">
			<transform 30="-173.71965" 31="47.978493" 32="178.037079"/>
			<links>
				<link id="train_175"/>
				<link id="train_173"/>
			</links>
		</track>
		<track id="train_175">
			<transform 30="-173.79863" 31="47.978493" 32="183.631104"/>
			<links>
				<link id="train_176"/>
				<link id="train_174"/>
			</links>
		</track>
		<track id="train_176">
			<transform 30="-173.488708" 31="47.978493" 32="197.983124"/>
			<links>
				<link id="train_177"/>
				<link id="train_175"/>
			</links>
		</track>
		<track id="train_177">
			<transform 30="-166.467133" 31="47.978493" 32="311.074951"/>
			<links>
				<link id="train_176"/>
			</links>
		</track>
		<track id="train_178">
			<transform 30="-158.482224" 31="47.978493" 32="310.385498"/>
			<links>
				<link id="train_179"/>
			</links>
		</track>
		<track id="train_179">
			<transform 30="-165.494019" 31="47.978493" 32="197.299103"/>
			<links>
				<link id="train_178"/>
				<link id="train_180"/>
			</links>
		</track>
		<track id="train_180">
			<transform 30="-166.505432" 31="47.978493" 32="184.914932"/>
			<links>
				<link id="train_179"/>
				<link id="train_181"/>
			</links>
		</track>
		<track id="train_181">
			<transform 30="-167.293533" 31="47.978493" 32="177.777817"/>
			<links>
				<link id="train_182"/>
				<link id="train_180"/>
			</links>
		</track>
		<track id="train_182">
			<transform 30="-168.253098" 31="47.978493" 32="169.218597"/>
			<links>
				<link id="train_147"/>
				<link id="train_181"/>
			</links>
		</track>
		<track id="train_183">
			<transform 30="-187.69751" 31="47.507137" 32="-430.152832"/>
			<links>
				<link id="train_186"/>
				<link id="train_83"/>
			</links>
		</track>
		<track id="train_184">
			<transform 30="-183.298813" 31="47.507137" 32="-430.303802"/>
			<links>
				<link id="train_185"/>
				<link id="train_88"/>
			</links>
		</track>
		<track id="train_185">
			<transform 30="-182.790451" 31="47.507137" 32="-414.213745"/>
			<links>
				<link id="train_188"/>
				<link id="train_184"/>
			</links>
		</track>
		<track id="train_186">
			<transform 30="-187.155121" 31="47.507137" 32="-413.94873"/>
			<links>
				<link id="train_187"/>
				<link id="train_183"/>
			</links>
		</track>
		<track id="train_187">
			<transform 30="-185.72876" 31="47.507137" 32="-397.743225"/>
			<links>
				<link id="train_189"/>
				<link id="train_186"/>
			</links>
		</track>
		<track id="train_188">
			<transform 30="-181.361832" 31="47.507137" 32="-398.122528"/>
			<links>
				<link id="train_190"/>
				<link id="train_185"/>
			</links>
		</track>
		<track id="train_189">
			<transform 30="-182.243805" 31="47.515125" 32="-366.857025"/>
			<links>
				<link id="train_187"/>
				<link id="train_191"/>
			</links>
		</track>
		<track id="train_190">
			<transform 30="-177.949142" 31="47.5187" 32="-367.517883"/>
			<links>
				<link id="train_192"/>
				<link id="train_188"/>
			</links>
		</track>
		<track id="train_191">
			<transform 30="-177.983795" 31="47.515125" 32="-337.86731"/>
			<links>
				<link id="train_193"/>
				<link id="train_189"/>
			</links>
		</track>
		<track id="train_192">
			<transform 30="-173.667725" 31="47.515125" 32="-338.474701"/>
			<links>
				<link id="train_194"/>
				<link id="train_190"/>
			</links>
		</track>
		<track id="train_193">
			<transform 30="-173.793854" 31="47.515125" 32="-309.069702"/>
			<links>
				<link id="train_195"/>
				<link id="train_191"/>
			</links>
		</track>
		<track id="train_194">
			<transform 30="-169.48468" 31="47.515125" 32="-309.7005"/>
			<links>
				<link id="train_196"/>
				<link id="train_192"/>
			</links>
		</track>
		<track id="train_195">
			<transform 30="-169.733475" 31="47.515125" 32="-280.667084"/>
			<links>
				<link id="train_197"/>
				<link id="train_193"/>
			</links>
		</track>
		<track id="train_196">
			<transform 30="-165.423996" 31="47.515125" 32="-281.302216"/>
			<links>
				<link id="train_198"/>
				<link id="train_194"/>
			</links>
		</track>
		<track id="train_197">
			<transform 30="-165.818634" 31="47.515125" 32="-252.627609"/>
			<links>
				<link id="train_199"/>
				<link id="train_195"/>
			</links>
		</track>
		<track id="train_198">
			<transform 30="-161.502274" 31="47.515125" 32="-253.245621"/>
			<links>
				<link id="train_200"/>
				<link id="train_196"/>
			</links>
		</track>
		<track id="train_199">
			<transform 30="-162.042709" 31="47.515125" 32="-225.001831"/>
			<links>
				<link id="train_201"/>
				<link id="train_197"/>
			</links>
		</track>
		<track id="train_200">
			<transform 30="-157.722916" 31="47.515125" 32="-225.598328"/>
			<links>
				<link id="train_202"/>
				<link id="train_198"/>
			</links>
		</track>
		<track id="train_201">
			<transform 30="-158.486511" 31="47.515125" 32="-197.863693"/>
			<links>
				<link id="train_203"/>
				<link id="train_199"/>
			</links>
		</track>
		<track id="train_202">
			<transform 30="-154.162262" 31="47.515125" 32="-198.426926"/>
			<links>
				<link id="train_204"/>
				<link id="train_200"/>
			</links>
		</track>
		<track id="train_203">
			<transform 30="-155.113373" 31="47.515125" 32="-171.180801"/>
			<links>
				<link id="train_205"/>
				<link id="train_201"/>
			</links>
		</track>
		<track id="train_204">
			<transform 30="-150.783844" 31="47.515125" 32="-171.760574"/>
			<links>
				<link id="train_206"/>
				<link id="train_202"/>
			</links>
		</track>
		<track id="train_205">
			<transform 30="-151.997223" 31="47.515125" 32="-145.150864"/>
			<links>
				<link id="train_207"/>
				<link id="train_203"/>
			</links>
		</track>
		<track id="train_206">
			<transform 30="-147.672134" 31="47.515125" 32="-145.699707"/>
			<links>
				<link id="train_208"/>
				<link id="train_204"/>
			</links>
		</track>
		<track id="train_207">
			<transform 30="-149.129532" 31="47.515125" 32="-119.739738"/>
			<links>
				<link id="train_210"/>
				<link id="train_205"/>
			</links>
		</track>
		<track id="train_208">
			<transform 30="-144.800766" 31="47.515125" 32="-120.219734"/>
			<links>
				<link id="train_209"/>
				<link id="train_206"/>
			</links>
		</track>
		<track id="train_209">
			<transform 30="-142.227158" 31="47.515125" 32="-95.41259"/>
			<links>
				<link id="train_212"/>
				<link id="train_208"/>
			</links>
		</track>
		<track id="train_210">
			<transform 30="-146.568451" 31="47.515125" 32="-94.956139"/>
			<links>
				<link id="train_211"/>
				<link id="train_207"/>
			</links>
		</track>
		<track id="train_211">
			<transform 30="-144.313873" 31="47.515125" 32="-70.927124"/>
			<links>
				<link id="train_213"/>
				<link id="train_210"/>
			</links>
		</track>
		<track id="train_212">
			<transform 30="-139.962433" 31="47.515125" 32="-71.318932"/>
			<links>
				<link id="train_214"/>
				<link id="train_209"/>
			</links>
		</track>
		<track id="train_213">
			<transform 30="-142.27121" 31="47.515125" 32="-46.512791"/>
			<links>
				<link id="train_215"/>
				<link id="train_211"/>
			</links>
		</track>
		<track id="train_214">
			<transform 30="-137.921265" 31="47.515125" 32="-46.871521"/>
			<links>
				<link id="train_216"/>
				<link id="train_212"/>
			</links>
		</track>
		<track id="train_215">
			<transform 30="-139.361023" 31="47.515125" 32="-11.724631"/>
			<links>
				<link id="train_217"/>
				<link id="train_213"/>
			</links>
		</track>
		<track id="train_216">
			<transform 30="-135.015656" 31="47.515125" 32="-12.128661"/>
			<links>
				<link id="train_218"/>
				<link id="train_214"/>
			</links>
		</track>
		<track id="train_217">
			<transform 30="-136.262299" 31="47.515125" 32="21.934202"/>
			<links>
				<link id="train_219"/>
				<link id="train_215"/>
			</links>
		</track>
		<track id="train_218">
			<transform 30="-131.922272" 31="47.515125" 32="21.510563"/>
			<links>
				<link id="train_220"/>
				<link id="train_216"/>
			</links>
		</track>
		<track id="train_219">
			<transform 30="-133.061798" 31="47.515125" 32="54.569145"/>
			<links>
				<link id="train_221"/>
				<link id="train_217"/>
			</links>
		</track>
		<track id="train_220">
			<transform 30="-128.709549" 31="47.515125" 32="54.130245"/>
			<links>
				<link id="train_222"/>
				<link id="train_218"/>
			</links>
		</track>
		<track id="train_221">
			<transform 30="-129.867737" 31="47.515125" 32="86.22097"/>
			<links>
				<link id="train_223"/>
				<link id="train_219"/>
			</links>
		</track>
		<track id="train_222">
			<transform 30="-125.537636" 31="47.515125" 32="85.752892"/>
			<links>
				<link id="train_224"/>
				<link id="train_220"/>
			</links>
		</track>
		<track id="train_223">
			<transform 30="-126.767937" 31="47.515125" 32="116.891136"/>
			<links>
				<link id="train_226"/>
				<link id="train_221"/>
			</links>
		</track>
		<track id="train_224">
			<transform 30="-122.431992" 31="47.515125" 32="116.423836"/>
			<links>
				<link id="train_225"/>
				<link id="train_222"/>
			</links>
		</track>
		<track id="train_225">
			<transform 30="-119.550941" 31="47.515125" 32="146.275818"/>
			<links>
				<link id="train_228"/>
				<link id="train_224"/>
			</links>
		</track>
		<track id="train_226">
			<transform 30="-123.891235" 31="47.515125" 32="146.675705"/>
			<links>
				<link id="train_227"/>
				<link id="train_223"/>
			</links>
		</track>
		<track id="train_227">
			<transform 30="-121.307106" 31="47.515125" 32="175.656021"/>
			<links>
				<link id="train_230"/>
				<link id="train_226"/>
			</links>
		</track>
		<track id="train_228">
			<transform 30="-116.969681" 31="47.515125" 32="175.293381"/>
			<links>
				<link id="train_229"/>
				<link id="train_225"/>
			</links>
		</track>
		<track id="train_229">
			<transform 30="-114.779152" 31="47.515125" 32="203.520233"/>
			<links>
				<link id="train_232"/>
				<link id="train_228"/>
			</links>
		</track>
		<track id="train_230">
			<transform 30="-119.1381" 31="47.515125" 32="203.886566"/>
			<links>
				<link id="train_231"/>
				<link id="train_227"/>
			</links>
		</track>
		<track id="train_231">
			<transform 30="-117.429291" 31="47.515125" 32="231.334564"/>
			<links>
				<link id="train_234"/>
				<link id="train_230"/>
			</links>
		</track>
		<track id="train_232">
			<transform 30="-113.080681" 31="47.515125" 32="231.083923"/>
			<links>
				<link id="train_233"/>
				<link id="train_229"/>
			</links>
		</track>
		<track id="train_233">
			<transform 30="-111.986816" 31="47.515125" 32="257.975037"/>
			<links>
				<link id="train_236"/>
				<link id="train_232"/>
			</links>
		</track>
		<track id="train_234">
			<transform 30="-116.34761" 31="47.515125" 32="258.120117"/>
			<links>
				<link id="train_235"/>
				<link id="train_231"/>
			</links>
		</track>
		<track id="train_235">
			<transform 30="-115.944862" 31="47.515125" 32="284.286194"/>
			<links>
				<link id="train_238"/>
				<link id="train_234"/>
			</links>
		</track>
		<track id="train_236">
			<transform 30="-111.594254" 31="47.515125" 32="284.286194"/>
			<links>
				<link id="train_237"/>
				<link id="train_233"/>
			</links>
		</track>
		<track id="train_237">
			<transform 30="-112.002724" 31="47.515125" 32="310.005432"/>
			<links>
				<link id="train_240"/>
				<link id="train_236"/>
			</links>
		</track>
		<track id="train_238">
			<transform 30="-116.340096" 31="47.515125" 32="309.900513"/>
			<links>
				<link id="train_239"/>
				<link id="train_235"/>
			</links>
		</track>
		<track id="train_239">
			<transform 30="-117.634888" 31="47.515125" 32="334.976593"/>
			<links>
				<link id="train_242"/>
				<link id="train_238"/>
			</links>
		</track>
		<track id="train_240">
			<transform 30="-113.279366" 31="47.515125" 32="335.29895"/>
			<links>
				<link id="train_241"/>
				<link id="train_237"/>
			</links>
		</track>
		<track id="train_241">
			<transform 30="-115.54985" 31="47.515125" 32="360.111176"/>
			<links>
				<link id="train_243"/>
				<link id="train_240"/>
			</links>
		</track>
		<track id="train_242">
			<transform 30="-119.893661" 31="47.515125" 32="359.64563"/>
			<links>
				<link id="train_244"/>
				<link id="train_239"/>
			</links>
		</track>
		<track id="train_243">
			<transform 30="-118.949966" 31="47.515125" 32="384.576233"/>
			<links>
				<link id="train_245"/>
				<link id="train_241"/>
			</links>
		</track>
		<track id="train_244">
			<transform 30="-123.260872" 31="47.515125" 32="383.876221"/>
			<links>
				<link id="train_246"/>
				<link id="train_242"/>
			</links>
		</track>
		<track id="train_245">
			<transform 30="-123.54644" 31="47.515125" 32="408.702911"/>
			<links>
				<link id="train_247"/>
				<link id="train_243"/>
			</links>
		</track>
		<track id="train_246">
			<transform 30="-127.783195" 31="47.515125" 32="407.740662"/>
			<links>
				<link id="train_248"/>
				<link id="train_244"/>
			</links>
		</track>
		<track id="train_247">
			<transform 30="-129.401871" 31="47.515125" 32="432.530182"/>
			<links>
				<link id="train_249"/>
				<link id="train_245"/>
			</links>
		</track>
		<track id="train_248">
			<transform 30="-133.601196" 31="47.515125" 32="431.388031"/>
			<links>
				<link id="train_250"/>
				<link id="train_246"/>
			</links>
		</track>
		<track id="train_249">
			<transform 30="-136.666122" 31="47.515125" 32="456.159393"/>
			<links>
				<link id="train_251"/>
				<link id="train_247"/>
			</links>
		</track>
		<track id="train_250">
			<transform 30="-140.796371" 31="47.515125" 32="454.737427"/>
			<links>
				<link id="train_252"/>
				<link id="train_248"/>
			</links>
		</track>
		<track id="train_251">
			<transform 30="-146.13826" 31="47.515125" 32="481.386261"/>
			<links>
				<link id="train_253"/>
				<link id="train_249"/>
			</links>
		</track>
		<track id="train_252">
			<transform 30="-150.174927" 31="47.515125" 32="479.731079"/>
			<links>
				<link id="train_254"/>
				<link id="train_250"/>
			</links>
		</track>
		<track id="train_253">
			<transform 30="-154.387604" 31="47.515125" 32="500"/>
			<links>
				<link id="train_251"/>
			</links>
		</track>
		<track id="train_254">
			<transform 30="-159.155075" 31="47.515125" 32="500"/>
			<links>
				<link id="train_252"/>
			</links>
		</track>
	</train_tracks>
	<volcano_markers/>
	<mineral_rocks/>
</definition>

