<?xml version="1.0" encoding="UTF-8"?>
<definition is_island="true" is_purchasable="true" purchase_cost="50000">
	<meshes>
		<mesh id="tile_33_mesh" file_name="meshes/island_33_tile_33.mesh">
			<transform 30="-1000" 32="1000"/>
		</mesh>
		<mesh id="airfeld_mesh" file_name="meshes/island_33_airfield.mesh">
			<transform 00="-0.76922" 02="0.638984" 20="-0.638984" 22="-0.76922" 30="-55.141663" 31="7.51" 32="306.184418"/>
		</mesh>
		<mesh id="cottages_mesh" file_name="meshes/island_33_cottages.mesh">
			<transform 00="0.984765" 02="-0.17389" 20="0.17389" 22="0.984765" 30="-391.880127" 31="10.89" 32="389.213531"/>
		</mesh>
		<mesh id="hangar_door_01" file_name="meshes/door_barn_airfield.mesh">
			<transform 00="0.768707" 02="-0.639601" 20="0.639601" 22="0.768707" 30="-177.390808" 31="7.566132" 32="277.589355"/>
		</mesh>
		<mesh id="hangar_door_02" file_name="meshes/door_barn_airfield.mesh">
			<transform 00="0.767125" 02="-0.641497" 20="0.641497" 22="0.767125" 30="-165.46283" 31="7.562439" 32="291.935364"/>
		</mesh>
		<mesh id="door_01" file_name="meshes/door_cottage_boathouse.mesh">
			<transform 00="0.175211" 02="0.984531" 20="-0.984531" 22="0.175211" 30="-408.672485" 31="11.584306" 32="342.336487"/>
		</mesh>
		<mesh id="door_02" file_name="meshes/door_cottage_boathouse.mesh">
			<transform 00="-0.178931" 02="-0.983862" 20="0.983862" 22="-0.178931" 30="-382.000671" 31="11.582871" 32="358.758057"/>
		</mesh>
		<mesh id="door_03" file_name="meshes/door_cottage_boathouse.mesh">
			<transform 00="0.175211" 02="0.984531" 20="-0.984531" 22="0.175211" 30="-389.990692" 31="11.58278" 32="386.753357"/>
		</mesh>
		<mesh id="workbench_mesh" file_name="meshes/workbench.mesh">
			<transform 00="-0.639041" 02="-0.769172" 20="0.769172" 22="-0.639041" 30="-164.010422" 31="8.459443" 32="317.626282"/>
		</mesh>
		<mesh id="sign_mesh" parent_id="sign_interact" file_name="meshes/for_sale_sign.mesh">
			<transform 00="-0.154741" 02="0.987955" 20="-0.987955" 22="-0.154741" 30="-179.10173" 31="7.562439" 32="261.833771"/>
		</mesh>
	</meshes>
	<physics_objects/>
	<physics_meshes>
		<physics_mesh id="tile_33_phys" file_name="meshes/island_33_tile_33_phys.phys">
			<transform 30="-1000" 32="1000"/>
		</physics_mesh>
		<physics_mesh id="airfield_phys" file_name="meshes/island_33_airfield_phys.phys">
			<transform 00="-0.76922" 02="0.638984" 20="-0.638984" 22="-0.76922" 30="-55.141663" 31="7.51" 32="306.184418"/>
		</physics_mesh>
		<physics_mesh id="hangar_door_01_phys" parent_id="hangar_door_01" file_name="meshes/door_barn_airfield_phys.phys">
			<transform 00="0.769375" 02="-0.638796" 20="0.638796" 22="0.769375" 30="-177.390808" 31="7.566132" 32="277.589355"/>
		</physics_mesh>
		<physics_mesh id="hangar_door_02_phys" parent_id="hangar_door_02" file_name="meshes/door_barn_airfield_phys.phys">
			<transform 00="0.769604" 02="-0.638521" 20="0.638521" 22="0.769604" 30="-165.46283" 31="7.562439" 32="291.935364"/>
		</physics_mesh>
		<physics_mesh id="cottages_phys" file_name="meshes/island_33_cottages_phys.phys">
			<transform 00="0.984765" 02="-0.17389" 20="0.17389" 22="0.984765" 30="-391.880127" 31="10.89" 32="389.213531"/>
		</physics_mesh>
		<physics_mesh id="door_01_phys" parent_id="door_01" file_name="meshes/door_cottage_boathouse_phys.phys">
			<transform 00="0.175211" 02="0.984531" 20="-0.984531" 22="0.175211" 30="-408.672485" 31="11.584306" 32="342.336487"/>
		</physics_mesh>
		<physics_mesh id="door_02_phys" parent_id="door_02" file_name="meshes/door_cottage_boathouse_phys.phys">
			<transform 00="-0.17893" 02="-0.983862" 20="0.983862" 22="-0.17893" 30="-382.000671" 31="11.582871" 32="358.758057"/>
		</physics_mesh>
		<physics_mesh id="door_03_phys" parent_id="door_03" file_name="meshes/door_cottage_boathouse_phys.phys">
			<transform 00="0.175211" 02="0.984531" 20="-0.984531" 22="0.175211" 30="-389.990692" 31="11.58278" 32="386.753357"/>
		</physics_mesh>
		<physics_mesh id="workbench_phys" file_name="meshes/workbench_phys.phys">
			<transform 00="-0.635118" 02="-0.772415" 20="0.772415" 22="-0.635118" 30="-164.010422" 31="8.459443" 32="317.626282"/>
		</physics_mesh>
		<physics_mesh id="sign_phys" parent_id="sign_interact" file_name="meshes/for_sale_sign_phys.phys">
			<transform 00="-0.156171" 02="0.98773" 20="-0.98773" 22="-0.156171" 30="-179.10173" 31="7.562439" 32="261.833771"/>
		</physics_mesh>
	</physics_meshes>
	<physics_dynamics/>
	<lights_omni>
		<light id="hangar_omni_03" radius="28" is_render_halo="true">
			<transform 30="-192.610199" 31="20.875336" 32="314.49939"/>
			<color x="35" y="35" z="30"/>
		</light>
		<light id="hangar_omni_01" radius="28" is_render_halo="true">
			<transform 30="-172.837646" 31="20.885284" 32="298.105042"/>
			<color x="35" y="35" z="30"/>
		</light>
		<light id="omni_03" radius="3" is_render_halo="true">
			<transform 30="-389.561798" 31="13.25319" 32="386.264648"/>
			<color x="1" y="1" z="0.5"/>
		</light>
		<light id="omni_01" radius="3" is_render_halo="true">
			<transform 30="-408.220673" 31="13.256455" 32="341.846985"/>
			<color x="1" y="1" z="0.5"/>
		</light>
		<light id="omni_02" radius="3" is_render_halo="true">
			<transform 30="-382.42868" 31="13.261582" 32="359.242767"/>
			<color x="1" y="1" z="0.5"/>
		</light>
		<light id="light_01" radius="8" is_render_halo="true">
			<transform 30="-410.843323" 31="14.913041" 32="343.170959"/>
			<color x="4" y="4" z="3"/>
		</light>
		<light id="light_02" radius="8" is_render_halo="true">
			<transform 30="-379.803162" 31="14.913041" 32="357.919128"/>
			<color x="4" y="4" z="3"/>
		</light>
		<light id="light_03" radius="8" is_render_halo="true">
			<transform 30="-392.183441" 31="14.913041" 32="387.590881"/>
			<color x="4" y="4" z="3"/>
		</light>
		<light id="green02" radius="3" is_render_halo="true">
			<transform 30="-286.915253" 31="7.644501" 32="22.666702"/>
			<color y="2"/>
		</light>
		<light id="green01" radius="3" is_render_halo="true">
			<transform 30="-292.224792" 31="7.644501" 32="27.073227"/>
			<color y="2"/>
		</light>
		<light id="green03" radius="3" is_render_halo="true">
			<transform 30="-281.831787" 31="7.644501" 32="18.449326"/>
			<color y="2"/>
		</light>
		<light id="green04" radius="3" is_render_halo="true">
			<transform 30="-276.759613" 31="7.644501" 32="14.224838"/>
			<color y="2"/>
		</light>
		<light id="green_05" radius="3" is_render_halo="true">
			<transform 30="-271.455688" 31="7.644501" 32="9.828568"/>
			<color y="2"/>
		</light>
		<light id="green_06" radius="3" is_render_halo="true">
			<transform 30="-263.451752" 31="7.644501" 32="40.583725"/>
			<color y="2"/>
		</light>
		<light id="green_07" radius="3" is_render_halo="true">
			<transform 30="-244.355865" 31="7.644501" 32="63.579117"/>
			<color y="2"/>
		</light>
		<light id="green_08" radius="3" is_render_halo="true">
			<transform 30="-225.68399" 31="7.644501" 32="86.054642"/>
			<color y="2"/>
		</light>
		<light id="green_09" radius="3" is_render_halo="true">
			<transform 30="-206.597839" 31="7.644501" 32="109.031448"/>
			<color y="2"/>
		</light>
		<light id="green_10" radius="3" is_render_halo="true">
			<transform 30="-187.541199" 31="7.644501" 32="131.960861"/>
			<color y="2"/>
		</light>
		<light id="green_11" radius="3" is_render_halo="true">
			<transform 30="-168.97052" 31="7.644501" 32="154.334732"/>
			<color y="2"/>
		</light>
		<light id="green_12" radius="3" is_render_halo="true">
			<transform 30="-150.09433" 31="7.644501" 32="177.048782"/>
			<color y="2"/>
		</light>
		<light id="green_13" radius="3" is_render_halo="true">
			<transform 30="-131.227142" 31="7.644501" 32="199.760117"/>
			<color y="2"/>
		</light>
		<light id="green_14" radius="3" is_render_halo="true">
			<transform 30="-112.272156" 31="7.644501" 32="222.576797"/>
			<color y="2"/>
		</light>
		<light id="green_15" radius="3" is_render_halo="true">
			<transform 30="-93.077545" 31="7.644501" 32="245.682693"/>
			<color y="2"/>
		</light>
		<light id="green_16" radius="3" is_render_halo="true">
			<transform 30="-64.138489" 31="7.644501" 32="259.393433"/>
			<color y="2"/>
		</light>
		<light id="green_17" radius="3" is_render_halo="true">
			<transform 30="-69.444977" 31="7.644501" 32="263.800049"/>
			<color y="2"/>
		</light>
		<light id="green_18" radius="3" is_render_halo="true">
			<transform 30="-74.527283" 31="7.644501" 32="268.02124"/>
			<color y="2"/>
		</light>
		<light id="green_19" radius="3" is_render_halo="true">
			<transform 30="-79.600098" 31="7.644501" 32="272.238678"/>
			<color y="2"/>
		</light>
		<light id="green_20" radius="3" is_render_halo="true">
			<transform 30="-84.907471" 31="7.644501" 32="276.640594"/>
			<color y="2"/>
		</light>
		<light id="hanger_omni_05" radius="2" is_render_halo="true">
			<transform 30="-168.409424" 31="19.199493" 32="287.61853"/>
			<color x="2" y="2" z="1.7"/>
		</light>
		<light id="hangar_omni_04" radius="2" is_render_halo="true">
			<transform 30="-161.655945" 31="19.202118" 32="295.718628"/>
			<color x="2" y="2" z="1.7"/>
		</light>
		<light id="hangar_omni_02" radius="28" is_render_halo="true">
			<transform 30="-182.863953" 31="20.875336" 32="306.42038"/>
			<color x="35" y="35" z="30"/>
		</light>
		<light id="lamp_omni" radius="3" is_render_halo="true">
			<transform 30="-191.346924" 31="13.028961" 32="327.305115"/>
			<color x="1" y="1" z="0.6"/>
		</light>
	</lights_omni>
	<lights_spot>
		<light id="hangar_spot_04" range="20" fov="0.698132" texture="graphics/ies/ies_default.txtr">
			<transform 00="0.681676" 01="0.4128" 02="-0.604082" 10="0.658174" 11="0.014644" 12="0.752723" 20="0.319571" 21="-0.910704" 22="-0.261712" 30="-161.654877" 31="19.222256" 32="295.725159"/>
			<color x="1" y="1" z="0.9"/>
		</light>
		<light id="hangar_spot_03" range="20" fov="0.698132" texture="graphics/ies/ies_default.txtr">
			<transform 00="0.671283" 01="0.447045" 02="-0.591211" 10="0.663003" 11="-0.005555" 12="0.748596" 20="0.331372" 21="-0.894494" 22="-0.300122" 30="-168.412247" 31="19.206635" 32="287.618866"/>
			<color x="1" y="1" z="0.9"/>
		</light>
	</lights_spot>
	<lights_tube/>
	<screens/>
	<edit_areas>
		<edit_area id="hangar_edit" grid_size="4">
			<transform 00="-0.640184" 02="-0.768221" 20="0.768221" 22="-0.640184" 30="-179.402069" 31="12.734528" 32="303.617279"/>
			<size x="36.5" y="10" z="35"/>
		</edit_area>
		<edit_area id="hangar_bed" grid_size="5" is_static="true" default_vehicle="bed" is_invisible_vehicle="true">
			<transform 00="0.770691" 02="-0.637209" 20="0.637209" 22="0.770691" 30="-193.047668" 31="13.35553" 32="327.107483"/>
			<size x="0.75" y="0.25" z="1.75"/>
		</edit_area>
		<edit_area id="bed_01" grid_size="5" is_static="true" default_vehicle="bed" is_invisible_vehicle="true">
			<transform 00="-0.20579" 02="-0.978596" 20="0.978596" 22="-0.20579" 30="-411.217255" 31="12.065568" 32="346.19339"/>
			<size x="0.75" y="0.25" z="1.75"/>
		</edit_area>
		<edit_area id="bed_02" grid_size="5" is_static="true" default_vehicle="bed" is_invisible_vehicle="true">
			<transform 00="0.986842" 02="-0.161685" 20="0.161685" 22="0.986842" 30="-378.791595" 31="11.925614" 32="355.190338"/>
			<size x="0.75" y="0.25" z="1.75"/>
		</edit_area>
		<edit_area id="bed_03" grid_size="5" is_static="true" default_vehicle="bed" is_invisible_vehicle="true">
			<transform 00="0.178872" 02="0.983872" 20="-0.983872" 22="0.178872" 30="-391.659027" 31="11.925614" 32="384.466614"/>
			<size x="0.75" y="0.25" z="1.75"/>
		</edit_area>
	</edit_areas>
	<interactables>
		<interactable id="hangar_door_01_interact" parent_id="hangar_door_01" target_object_id="hangar_door_01_logic" label="Door">
			<transform 00="0.771244" 02="-0.63654" 20="0.63654" 22="0.771244" 30="-170.778809" 31="10.598785" 32="285.370758"/>
			<size x="2.320953" y="6.023956" z="16.530487"/>
		</interactable>
		<interactable id="hangar_door_02_interact" parent_id="hangar_door_02" target_object_id="hangar_door_02_logic" label="Door">
			<transform 00="0.771244" 02="-0.63654" 20="0.63654" 22="0.771244" 30="-159.798248" 31="10.646423" 32="298.689331"/>
			<size x="2.310302" y="5.881409" z="17.074524"/>
		</interactable>
		<interactable id="door_01_interact" parent_id="door_01" target_object_id="door_01_logic" label="Door" is_ignore_purchased="true">
			<transform 00="0.986852" 02="-0.161627" 20="0.161627" 22="0.986852" 30="-408.63504" 31="12.533586" 32="342.769653"/>
			<size x="0.217285" y="1.812195" z="0.804169"/>
		</interactable>
		<interactable id="light_01_interact" target_object_id="light_01_logic" label="Light" is_ignore_purchased="true">
			<transform 00="0.986852" 02="-0.161627" 20="0.161627" 22="0.986852" 30="-408.793488" 31="12.7874" 32="343.55542"/>
			<size x="0.128937" y="0.198486" z="0.203705"/>
		</interactable>
		<interactable id="door_02_interact" parent_id="door_02" target_object_id="door_02_logic" label="Door" is_ignore_purchased="true">
			<transform 00="0.986666" 02="-0.162755" 20="0.162755" 22="0.986666" 30="-382.009186" 31="12.623338" 32="358.311798"/>
			<size x="0.39151" y="1.674408" z="0.789398"/>
		</interactable>
		<interactable id="light_02_interact" target_object_id="light_02_logic" label="Light" is_ignore_purchased="true">
			<transform 00="0.986666" 02="-0.162755" 20="0.162755" 22="0.986666" 30="-381.863556" 31="12.788255" 32="357.534302"/>
			<size x="0.101074" y="0.238129" z="0.23233"/>
		</interactable>
		<interactable id="door_03_interact" parent_id="door_03" target_object_id="door_03_logic" label="Door" is_ignore_purchased="true">
			<transform 00="0.984251" 02="-0.176774" 20="0.176774" 22="0.984251" 30="-389.989807" 31="12.569047" 32="387.222137"/>
			<size x="0.282318" y="1.785522" z="0.766968"/>
		</interactable>
		<interactable id="light_03_interact" target_object_id="light_03_logic" label="Light" is_ignore_purchased="true">
			<transform 00="0.985567" 02="-0.169288" 20="0.169288" 22="0.985567" 30="-390.143555" 31="12.786698" 32="387.974182"/>
			<size x="0.162323" y="0.216919" z="0.224396"/>
		</interactable>
		<interactable id="workbench_interact" target_object_id="hangar_edit" label="Workbench" interact_type="2">
			<transform 00="-0.627062" 02="-0.778969" 20="0.778969" 22="-0.627062" 30="-164.15889" 31="8.627046" 32="317.38385"/>
			<size x="1.05423" y="1.85083" z="2.08847"/>
		</interactable>
		<interactable id="lights_interact" target_object_id="hangar_lights_logic" label="Lights">
			<transform 00="0.765181" 02="-0.643815" 20="0.643815" 22="0.765181" 30="-183.465149" 31="8.010698" 32="278.642242"/>
			<size x="0.68512" y="0.976166" z="0.411865"/>
		</interactable>
		<interactable id="lamp_interact" target_object_id="lamp_logic" label="Light">
			<transform 30="-191.346924" 31="13.178192" 32="327.305115"/>
			<size x="0.5" y="0.571777" z="0.5"/>
		</interactable>
		<interactable id="sign_interact" label="Buy Island" interact_type="3">
			<transform 00="0.597276" 02="0.802036" 20="-0.802036" 22="0.597276" 30="-179.412735" 31="8.550812" 32="262.098755"/>
			<size x="2.790497" y="2.066193" z="2.66153"/>
		</interactable>
	</interactables>
	<door_logic_nodes>
		<logic id="hangar_door_01_logic" target_a="hangar_door_01_closed" target_b="hangar_door_01_open" target_movable="hangar_door_01" anim_duration="150">
			<transform 00="-0.642364" 02="-0.7664" 20="0.7664" 22="-0.642364" 30="-174.761292" 31="20.364685" 32="280.013672"/>
		</logic>
		<logic id="hangar_door_02_logic" target_a="hangar_door_02_closed" target_b="hangar_door_02_open" target_movable="hangar_door_02" anim_duration="150">
			<transform 00="-0.642364" 02="-0.7664" 20="0.7664" 22="-0.642364" 30="-155.165741" 31="20.359619" 32="303.775177"/>
		</logic>
		<logic id="door_01_logic" target_a="door_01_closed" target_b="door_01_open" target_movable="door_01" anim_duration="50">
			<transform 00="-0.172381" 02="-0.98503" 20="0.98503" 22="-0.172381" 30="-408.184143" 31="12.651353" 32="343.590118"/>
		</logic>
		<logic id="door_02_logic" target_a="door_02_closed" target_b="door_02_open" target_movable="door_02" anim_duration="50">
			<transform 00="0.181148" 02="0.983456" 20="-0.983456" 22="0.181148" 30="-382.452148" 31="12.623338" 32="357.437103"/>
		</logic>
		<logic id="door_03_logic" target_a="door_03_closed" target_b="door_03_open" target_movable="door_03" anim_duration="50">
			<transform 00="-0.172241" 02="-0.985055" 20="0.985055" 22="-0.172241" 30="-389.542419" 31="12.644547" 32="387.992828"/>
		</logic>
	</door_logic_nodes>
	<light_logic_nodes>
		<logic id="light_01_logic" target="light_01" is_on="true" flash_on_duration="30" flash_off_duration="30">
			<transform 00="0.048266" 02="0.998834" 20="-0.998834" 22="0.048266" 30="-408.793488" 31="13.281754" 32="343.55542"/>
		</logic>
		<logic id="light_02_logic" target="light_02" is_on="true" flash_on_duration="30" flash_off_duration="30">
			<transform 00="-0.163086" 02="-0.986612" 20="0.986612" 22="-0.163086" 30="-381.901825" 31="13.192735" 32="357.524841"/>
		</logic>
		<logic id="light_03_logic" target="light_03" is_on="true" flash_on_duration="30" flash_off_duration="30">
			<transform 00="0.178958" 02="0.983857" 20="-0.983857" 22="0.178958" 30="-390.039978" 31="12.807389" 32="388.420776"/>
		</logic>
		<logic id="hangar_omni_01_logic" target="hangar_omni_01" is_on="true" flicker_duration="50" flash_on_duration="30" flash_off_duration="30">
			<transform 00="0.752103" 02="-0.659045" 20="0.659045" 22="0.752103" 30="-182.682312" 31="8.997301" 32="277.728882"/>
		</logic>
		<logic id="hangar_omni_02_logic" target="hangar_omni_02" is_on="true" flicker_duration="20" flash_on_duration="30" flash_off_duration="30">
			<transform 00="0.752103" 02="-0.659045" 20="0.659045" 22="0.752103" 30="-183.170288" 31="8.997301" 32="278.156464"/>
		</logic>
		<logic id="hangar_omni_03_logic" target="hangar_omni_03" is_on="true" flicker_duration="45" flash_on_duration="30" flash_off_duration="30">
			<transform 00="0.752103" 02="-0.659045" 20="0.659045" 22="0.752103" 30="-183.664001" 31="8.997301" 32="278.589111"/>
		</logic>
		<logic id="lamp_logic" target="lamp_omni" is_on="true" flash_on_duration="30" flash_off_duration="30">
			<transform 00="-0.57347" 02="-0.819227" 20="0.819227" 22="-0.57347" 30="-193.099609" 31="14.035645" 32="328.823425"/>
		</logic>
	</light_logic_nodes>
	<rotation_logic_nodes/>
	<hangar_door_logic_nodes>
		<logic id="hangar_lights_logic" target_id_0="hangar_omni_01_logic" target_id_1="hangar_omni_02_logic" target_id_2="hangar_omni_03_logic">
			<transform 00="0.769487" 02="-0.638662" 20="0.638662" 22="0.769487" 30="-183.173553" 31="9.626574" 32="278.159821"/>
		</logic>
	</hangar_door_logic_nodes>
	<audio_logic_nodes/>
	<tile_markers>
		<markers id="tile_marker12" marker_type="11">
			<transform 00="0.127011" 02="0.991901" 20="-0.991901" 22="0.127011" 30="-380.28363" 31="12.656999" 32="360.148438"/>
		</markers>
		<markers id="door_03_open" marker_type="8">
			<transform 00="-0.937123" 02="0.349" 20="-0.349" 22="-0.937123" 30="-389.990692" 31="11.58278" 32="386.753357"/>
		</markers>
		<markers id="tile_marker11" marker_type="11">
			<transform 00="0.511261" 02="-0.859426" 20="0.859426" 22="0.511261" 30="-388.343384" 31="12.461747" 32="388.909088"/>
		</markers>
		<markers id="tile_marker10" marker_type="11">
			<transform 00="-0.669503" 02="0.74281" 20="-0.74281" 22="-0.669503" 30="-387.095886" 31="12.674882" 32="389.981628"/>
		</markers>
		<markers id="door_01_closed" marker_type="8">
			<transform 00="0.175211" 02="0.984531" 20="-0.984531" 22="0.175211" 30="-408.672485" 31="11.584306" 32="342.336487"/>
		</markers>
		<markers id="door_01_open" marker_type="8">
			<transform 00="-0.929716" 02="0.368277" 20="-0.368277" 22="-0.929716" 30="-408.672485" 31="11.584306" 32="342.336487"/>
		</markers>
		<markers id="door_02_closed" marker_type="8">
			<transform 00="-0.178929" 02="-0.983862" 20="0.983862" 22="-0.178929" 30="-382.000671" 31="11.582871" 32="358.758057"/>
		</markers>
		<markers id="door_02_open" marker_type="8">
			<transform 00="0.891076" 02="-0.453853" 20="0.453853" 22="0.891076" 30="-382.000671" 31="11.582871" 32="358.758057"/>
		</markers>
		<markers id="door_03_closed" marker_type="8">
			<transform 00="0.175211" 02="0.984531" 20="-0.984531" 22="0.175211" 30="-389.990692" 31="11.58278" 32="386.753357"/>
		</markers>
		<markers id="hangar_door_01_closed" marker_type="8">
			<transform 00="0.766651" 02="-0.642064" 20="0.642064" 22="0.766651" 30="-177.390808" 31="7.566132" 32="277.589355"/>
		</markers>
		<markers id="hangar_door_01_open" marker_type="8">
			<transform 00="0.767181" 02="-0.64143" 20="0.64143" 22="0.767181" 30="-189.340027" 31="7.566132" 32="263.228119"/>
		</markers>
		<markers id="hangar_door_02_closed" marker_type="8">
			<transform 00="0.767758" 02="-0.640739" 20="0.640739" 22="0.767758" 30="-165.46283" 31="7.562439" 32="291.935364"/>
		</markers>
		<markers id="hangar_door_02_open" marker_type="8">
			<transform 00="0.770771" 02="-0.637112" 20="0.637112" 22="0.770771" 30="-153.405579" 31="7.562439" 32="306.353851"/>
		</markers>
		<markers id="tile_marker13" marker_type="5">
			<transform 00="-0.365385" 02="-0.930857" 20="0.930857" 22="-0.365385" 30="-192.022491" 31="13.845123" 32="325.547241"/>
		</markers>
		<markers id="tile_marker14" marker_type="13" string_data="Dreimor" icon="1">
			<transform 30="-396.290161" 31="17.731407" 32="364.983917"/>
		</markers>
	</tile_markers>
	<mission_zones/>
	<dynamic_markers>
		<dynamic_marker id="dynamic_marker_item0" item_type="18">
			<transform 30="-379.825867" 31="12.496232" 32="360.8909"/>
		</dynamic_marker>
		<dynamic_marker id="dynamic_marker_item1" item_type="29">
			<transform 00="0.760274" 01="-0.013738" 02="-0.649458" 10="0.64183" 11="0.17009" 12="0.747746" 20="0.100194" 21="-0.985333" 22="0.138133" 30="-157.795364" 31="8.354173" 32="315.082642"/>
		</dynamic_marker>
		<dynamic_marker id="dynamic_marker_item2" item_type="29">
			<transform 00="0.91565" 01="-0.012528" 02="-0.401781" 10="0.009046" 11="0.999903" 12="-0.010562" 20="0.401874" 21="0.006036" 22="0.915675" 30="-155.176102" 31="7.673341" 32="314.14325"/>
		</dynamic_marker>
		<dynamic_marker id="dynamic_marker_item3" item_type="9">
			<transform 00="0.326132" 02="-0.945324" 20="0.945324" 22="0.326132" 30="-393.131104" 31="12.08989" 32="388.983459"/>
		</dynamic_marker>
		<dynamic_marker id="dynamic_marker_item4" item_type="5">
			<transform 00="0.252075" 02="0.967708" 20="-0.967708" 22="0.252075" 30="-390.976013" 31="12.056535" 32="385.876312"/>
		</dynamic_marker>
	</dynamic_markers>
	<ladders/>
	<perches>
		<perch id="perch0">
			<transform 30="-169.522247" 31="28.523102" 32="295.152924"/>
		</perch>
		<perch id="perch1">
			<transform 30="-176.18158" 31="28.49939" 32="300.651581"/>
		</perch>
		<perch id="perch2">
			<transform 30="-178.726563" 31="26.575439" 32="296.323212"/>
		</perch>
		<perch id="perch3">
			<transform 30="149.929565" 31="65.313965" 32="-98.706909"/>
		</perch>
		<perch id="perch4">
			<transform 30="159.091187" 31="63.52655" 32="-95.702332"/>
		</perch>
		<perch id="perch5">
			<transform 30="308.383301" 31="29.775299" 32="-80.759857"/>
		</perch>
		<perch id="perch6">
			<transform 30="313.077148" 31="29.834442" 32="-77.451904"/>
		</perch>
		<perch id="perch7">
			<transform 30="327.644379" 31="18.937073" 32="-46.174896"/>
		</perch>
		<perch id="perch8">
			<transform 30="327.644379" 31="17.391327" 32="-39.447144"/>
		</perch>
		<perch id="perch9">
			<transform 30="185.262421" 31="25.826263" 32="-62.484039"/>
		</perch>
		<perch id="perch10">
			<transform 30="61.888611" 31="30.095551" 32="66.705872"/>
		</perch>
		<perch id="perch11">
			<transform 30="67.353516" 31="28.725433" 32="87.230164"/>
		</perch>
		<perch id="perch12">
			<transform 30="77.574982" 31="27.385742" 32="120.389069"/>
		</perch>
		<perch id="perch13">
			<transform 30="72.598022" 31="30.865326" 32="55.00824"/>
		</perch>
		<perch id="perch14">
			<transform 30="-490.452423" 31="69.897049" 32="465.36026"/>
		</perch>
		<perch id="perch15">
			<transform 30="-478.253326" 31="69.787094" 32="469.745361"/>
		</perch>
		<perch id="perch16">
			<transform 30="-481.804932" 31="69.660568" 32="467.975403"/>
		</perch>
		<perch id="perch17">
			<transform 30="-464.042236" 31="69.718246" 32="496.106842"/>
		</perch>
	</perches>
	<fires/>
	<train_tracks/>
	<volcano_markers/>
	<mineral_rocks/>
</definition>

