<?xml version="1.0" encoding="UTF-8"?>
<definition is_island="true" tile_type="2" is_purchasable="true" purchase_cost="120000">
	<meshes>
		<mesh id="mesh0" file_name="meshes/mainland/mega_island_12_6.mesh">
			<transform/>
		</mesh>
		<mesh id="runway_mesh" file_name="meshes/mainland_assets/mainland_runway.mesh">
			<transform 00="0.707107" 02="0.707107" 20="-0.707107" 22="0.707107" 30="-63.345463" 31="8.671816" 32="-64.124214"/>
		</mesh>
		<mesh id="hangar_mesh" file_name="meshes/ultimate_base_hangar.mesh">
			<transform 00="-0.707107" 02="-0.707107" 20="0.707107" 22="-0.707107" 30="-21.98167" 31="8.672104" 32="176.530518"/>
		</mesh>
		<mesh id="h_door_01" file_name="meshes/mainland_assets/door_hangar_v2.mesh">
			<transform 00="-0.707107" 02="-0.707107" 20="0.707107" 22="-0.707107" 30="74.799576" 31="8.672104" 32="94.490349"/>
		</mesh>
		<mesh id="h_door_02" file_name="meshes/mainland_assets/door_hangar_v2.mesh">
			<transform 00="-0.707107" 02="-0.707107" 20="0.707107" 22="-0.707107" 30="79.893265" 31="8.672104" 32="89.725822"/>
		</mesh>
		<mesh id="h_door_03" file_name="meshes/mainland_assets/door_hangar_v2.mesh">
			<transform 00="-0.707107" 02="-0.707107" 20="0.707107" 22="-0.707107" 30="85.086685" 31="8.672104" 32="84.854668"/>
		</mesh>
		<mesh id="d_door_04" file_name="meshes/mainland_assets/door_hangar_v2.mesh">
			<transform 00="-0.707107" 02="-0.707107" 20="0.707107" 22="-0.707107" 30="90.396255" 31="8.672104" 32="79.544334"/>
		</mesh>
		<mesh id="h_door_05" file_name="meshes/mainland_assets/door_hangar_v2.mesh">
			<transform 00="-0.707107" 02="-0.707107" 20="0.707107" 22="-0.707107" 30="95.160446" 31="8.672104" 32="74.454597"/>
		</mesh>
		<mesh id="h_door_06" file_name="meshes/mainland_assets/door_hangar_v2.mesh">
			<transform 00="-0.707107" 02="-0.707107" 20="0.707107" 22="-0.707107" 30="100.008797" 31="8.672104" 32="69.281128"/>
		</mesh>
		<mesh id="hangar_entrance" file_name="meshes/door_exterior.mesh">
			<transform 00="-0.707107" 02="-0.707107" 20="0.707107" 22="-0.707107" 30="74.776855" 31="8.672104" 32="110.147751"/>
		</mesh>
		<mesh id="door_01" file_name="meshes/door_research_base.mesh">
			<transform 00="-0.707107" 02="-0.707107" 20="0.707107" 22="-0.707107" 30="136.849655" 31="11.652484" 32="108.481583"/>
		</mesh>
		<mesh id="door_02" file_name="meshes/door_plain_handle.mesh">
			<transform 00="0.707107" 02="0.707107" 20="-0.707107" 22="0.707107" 30="136.2314" 31="8.671954" 32="107.759483"/>
		</mesh>
		<mesh id="workbench" file_name="meshes/workbench.mesh">
			<transform 00="-0.707107" 02="0.707107" 20="-0.707107" 22="-0.707107" 30="114.733864" 31="9.611562" 32="72.520172"/>
		</mesh>
		<mesh id="sale_sign_mesh" parent_id="sale_sign_interact" file_name="meshes/for_sale_sign.mesh">
			<transform 30="52.379257" 31="8.672104" 32="101.112991"/>
		</mesh>
	</meshes>
	<physics_objects/>
	<physics_meshes>
		<physics_mesh id="physics_mesh0" file_name="meshes/mainland/mega_island_12_6.phys">
			<transform/>
		</physics_mesh>
		<physics_mesh id="runway_phys" file_name="meshes/mainland_assets/mainland_runway_phys.phys">
			<transform 00="0.707107" 02="0.707107" 20="-0.707107" 22="0.707107" 30="-63.345463" 31="8.671816" 32="-64.124214"/>
		</physics_mesh>
		<physics_mesh id="hangar_phys" file_name="meshes/mainland_assets/mainland_hanger_phys.phys">
			<transform 00="-0.707107" 02="-0.707107" 20="0.707107" 22="-0.707107" 30="-21.98167" 31="8.672104" 32="176.530518"/>
		</physics_mesh>
		<physics_mesh id="h_door_01_phys" parent_id="h_door_01" file_name="meshes/mainland_assets/door_hangar_v2_phys.phys">
			<transform 00="-0.707107" 02="-0.707107" 20="0.707107" 22="-0.707107" 30="74.799576" 31="8.672104" 32="94.490349"/>
		</physics_mesh>
		<physics_mesh id="h_door_02_phys" parent_id="h_door_02" file_name="meshes/mainland_assets/door_hangar_v2_phys.phys">
			<transform 00="-0.707107" 02="-0.707107" 20="0.707107" 22="-0.707107" 30="79.893265" 31="8.672104" 32="89.725822"/>
		</physics_mesh>
		<physics_mesh id="h_door_03_phys" parent_id="h_door_03" file_name="meshes/mainland_assets/door_hangar_v2_phys.phys">
			<transform 00="-0.707107" 02="-0.707107" 20="0.707107" 22="-0.707107" 30="85.086685" 31="8.672104" 32="84.854668"/>
		</physics_mesh>
		<physics_mesh id="h_door_04_phys" parent_id="d_door_04" file_name="meshes/mainland_assets/door_hangar_v2_phys.phys">
			<transform 00="-0.707107" 02="-0.707107" 20="0.707107" 22="-0.707107" 30="90.396255" 31="8.672104" 32="79.544334"/>
		</physics_mesh>
		<physics_mesh id="h_door_05_phys" parent_id="h_door_05" file_name="meshes/mainland_assets/door_hangar_v2_phys.phys">
			<transform 00="-0.707107" 02="-0.707107" 20="0.707107" 22="-0.707107" 30="95.160446" 31="8.672104" 32="74.454597"/>
		</physics_mesh>
		<physics_mesh id="h_door_06_phys" parent_id="h_door_06" file_name="meshes/mainland_assets/door_hangar_v2_phys.phys">
			<transform 00="-0.707107" 02="-0.707107" 20="0.707107" 22="-0.707107" 30="100.008797" 31="8.672104" 32="69.281128"/>
		</physics_mesh>
		<physics_mesh id="hangar_entrance_phys" parent_id="hangar_entrance" file_name="meshes/door_hospital_phys.phys">
			<transform 00="-0.707107" 02="-0.707107" 20="0.707107" 22="-0.707107" 30="74.776855" 31="8.672104" 32="110.147751"/>
		</physics_mesh>
		<physics_mesh id="door_01_phys" parent_id="door_01" file_name="meshes/door_hospital_phys.phys">
			<transform 00="-0.707107" 02="-0.707107" 20="0.707107" 22="-0.707107" 30="136.849655" 31="11.652484" 32="108.481583"/>
		</physics_mesh>
		<physics_mesh id="workbench_phys" file_name="meshes/workbench_phys.phys">
			<transform 00="-0.707107" 02="0.707107" 20="-0.707107" 22="-0.707107" 30="114.733864" 31="9.611562" 32="72.520172"/>
		</physics_mesh>
		<physics_mesh id="sale_sign_phys" parent_id="sale_sign_interact" file_name="meshes/for_sale_sign_phys.phys">
			<transform 30="52.379257" 31="8.672104" 32="101.112991"/>
		</physics_mesh>
		<physics_mesh id="door_02_phys" parent_id="door_02" file_name="meshes/door_hospital_phys.phys">
			<transform 00="0.707107" 02="0.707107" 20="-0.707107" 22="0.707107" 30="136.2314" 31="8.671954" 32="107.759483"/>
		</physics_mesh>
	</physics_meshes>
	<physics_dynamics/>
	<lights_omni>
		<light id="ext_01" radius="0.3" is_render_halo="true">
			<transform 30="74.374733" 31="22.084311" 32="93.251633"/>
			<color x="10" y="12" z="12"/>
		</light>
		<light id="ext_02" radius="0.3" is_render_halo="true">
			<transform 30="82.281143" 31="22.084311" 32="85.363701"/>
			<color x="10" y="12" z="12"/>
		</light>
		<light id="ext_03" radius="0.3" is_render_halo="true">
			<transform 30="90.353165" 31="22.084311" 32="77.288643"/>
			<color x="10" y="12" z="12"/>
		</light>
		<light id="ext_04" radius="0.3" is_render_halo="true">
			<transform 30="97.884026" 31="22.084311" 32="69.768944"/>
			<color x="10" y="12" z="12"/>
		</light>
		<light id="hangar_01" radius="25">
			<transform 30="89.884247" 31="21.042343" 32="101.098259"/>
			<color x="46" y="48" z="50"/>
		</light>
		<light id="hangar_02" radius="25">
			<transform 30="101.246445" 31="21.024849" 32="112.453026"/>
			<color x="46" y="48" z="50"/>
		</light>
		<light id="hangar_03" radius="25">
			<transform 30="112.552071" 31="20.986492" 32="123.773727"/>
			<color x="46" y="48" z="50"/>
		</light>
		<light id="hangar_04" radius="25">
			<transform 30="98.175621" 31="21.039482" 32="92.811615"/>
			<color x="46" y="48" z="50"/>
		</light>
		<light id="hangar_05" radius="25">
			<transform 30="109.528336" 31="20.992573" 32="104.149612"/>
			<color x="46" y="48" z="50"/>
		</light>
		<light id="hangar_06" radius="25">
			<transform 30="120.845261" 31="20.987597" 32="115.477715"/>
			<color x="46" y="48" z="50"/>
		</light>
		<light id="hangar_07" radius="25">
			<transform 30="106.43483" 31="21.01543" 32="84.526993"/>
			<color x="46" y="48" z="50"/>
		</light>
		<light id="hangar_08" radius="25">
			<transform 30="117.799683" 31="21.010513" 32="95.885345"/>
			<color x="46" y="48" z="50"/>
		</light>
		<light id="hangar_09" radius="25">
			<transform 30="129.113785" 31="21.009857" 32="107.200333"/>
			<color x="46" y="48" z="50"/>
		</light>
		<light id="omni13" radius="1.5" is_render_halo="true">
			<transform 30="136.691986" 31="14.072076" 32="107.958786"/>
			<color x="1" y="1" z="0.8"/>
		</light>
		<light id="omni14" radius="1" is_render_halo="true">
			<transform 30="135.499496" 31="14.390125" 32="109.15126"/>
			<color x="1" y="1" z="0.9"/>
		</light>
		<light id="omni15" radius="1" is_render_halo="true">
			<transform 30="134.2267" 31="14.390125" 32="107.866249"/>
			<color x="1" y="1" z="0.9"/>
		</light>
		<light id="omni16" radius="1" is_render_halo="true">
			<transform 30="133.876816" 31="14.390125" 32="110.767799"/>
			<color x="1" y="1" z="0.9"/>
		</light>
		<light id="omni17" radius="1" is_render_halo="true">
			<transform 30="132.598007" 31="14.390125" 32="109.490822"/>
			<color x="1" y="1" z="0.9"/>
		</light>
		<light id="omni18" radius="1" is_render_halo="true">
			<transform 30="130.971222" 31="14.390125" 32="111.119514"/>
			<color x="1" y="1" z="0.9"/>
		</light>
		<light id="omni19" radius="1" is_render_halo="true">
			<transform 30="132.250839" 31="14.390125" 32="112.394279"/>
			<color x="1" y="1" z="0.9"/>
		</light>
		<light id="lamp_01" radius="3" is_render_halo="true">
			<transform 30="129.932098" 31="13.217553" 32="112.550728"/>
			<color x="1" y="1" z="0.7"/>
		</light>
		<light id="omni21" radius="2" is_render_halo="true">
			<transform 30="-364.320435" 31="8.834476" 32="275.421143"/>
			<color y="5"/>
		</light>
		<light id="omni22" radius="2" is_render_halo="true">
			<transform 30="-342.802979" 31="8.834476" 32="253.932159"/>
			<color y="5"/>
		</light>
		<light id="omni23" radius="2" is_render_halo="true">
			<transform 30="-321.729492" 31="8.834476" 32="232.858734"/>
			<color y="5"/>
		</light>
		<light id="omni24" radius="2" is_render_halo="true">
			<transform 30="-300.512756" 31="8.834476" 32="211.650696"/>
			<color y="5"/>
		</light>
		<light id="omni25" radius="2" is_render_halo="true">
			<transform 30="-279.353302" 31="8.834476" 32="190.505859"/>
			<color y="5"/>
		</light>
		<light id="omni26" radius="2" is_render_halo="true">
			<transform 30="-258.262482" 31="8.834476" 32="169.40358"/>
			<color y="5"/>
		</light>
		<light id="omni27" radius="2" is_render_halo="true">
			<transform 30="-237.217834" 31="8.834476" 32="148.356812"/>
			<color y="5"/>
		</light>
		<light id="omni28" radius="2" is_render_halo="true">
			<transform 30="-215.758072" 31="8.834476" 32="126.910469"/>
			<color y="5"/>
		</light>
		<light id="omni29" radius="2" is_render_halo="true">
			<transform 30="124.332771" 31="8.834476" 32="-213.201279"/>
			<color y="5"/>
		</light>
		<light id="omni30" radius="2" is_render_halo="true">
			<transform 30="145.820145" 31="8.834476" 32="-234.696304"/>
			<color y="5"/>
		</light>
		<light id="omni31" radius="2" is_render_halo="true">
			<transform 30="166.910431" 31="8.834476" 32="-255.771561"/>
			<color y="5"/>
		</light>
		<light id="omni32" radius="2" is_render_halo="true">
			<transform 30="188.127838" 31="8.834476" 32="-276.982422"/>
			<color y="5"/>
		</light>
		<light id="omni33" radius="2" is_render_halo="true">
			<transform 30="209.26236" 31="8.834476" 32="-298.132111"/>
			<color y="5"/>
		</light>
		<light id="omni34" radius="2" is_render_halo="true">
			<transform 30="230.357559" 31="8.834476" 32="-319.232269"/>
			<color y="5"/>
		</light>
		<light id="omni35" radius="2" is_render_halo="true">
			<transform 30="251.406845" 31="8.834476" 32="-340.287048"/>
			<color y="5"/>
		</light>
		<light id="omni36" radius="2" is_render_halo="true">
			<transform 30="272.877319" 31="8.834476" 32="-361.727478"/>
			<color y="5"/>
		</light>
	</lights_omni>
	<lights_spot/>
	<lights_tube/>
	<screens/>
	<edit_areas>
		<edit_area id="hangar_edit" grid_size="4">
			<transform 00="-0.707107" 02="0.707107" 20="-0.707107" 22="-0.707107" 30="105.164841" 31="13.699665" 32="99.764328"/>
			<size x="36.5" y="10" z="35"/>
		</edit_area>
		<edit_area id="office_bed" grid_size="5" is_static="true" default_vehicle="bed" is_invisible_vehicle="true">
			<transform 00="0.709695" 02="0.704509" 20="-0.704509" 22="0.709695" 30="131.260834" 31="12.132302" 32="112.582909"/>
			<size x="0.75" y="0.25" z="1.75"/>
		</edit_area>
	</edit_areas>
	<interactables>
		<interactable id="hangar_doors_interact" target_object_id="hangar_doors_logic" label="Doors">
			<transform 00="0.714865" 02="0.699262" 20="-0.699262" 22="0.714865" 30="70.807816" 31="9.887412" 32="97.36174"/>
			<size x="0.348652" y="0.814057" z="0.565746"/>
		</interactable>
		<interactable id="hangar_lights_interact" target_object_id="hangar_lights_all_logic" label="Lights">
			<transform 00="0.714865" 02="0.699262" 20="-0.699262" 22="0.714865" 30="71.291214" 31="9.887412" 32="96.867561"/>
			<size x="0.348652" y="0.814057" z="0.565746"/>
		</interactable>
		<interactable id="hangar_lights_interact_02" target_object_id="hangar_lights_all_logic" label="Lights">
			<transform 00="0.699262" 02="-0.714865" 20="0.714865" 22="0.699262" 30="70.420341" 31="9.887412" 32="105.152206"/>
			<size x="0.348652" y="0.814057" z="0.565746"/>
		</interactable>
		<interactable id="hangar_doors_interact_02" target_object_id="hangar_doors_logic" label="Doors">
			<transform 00="0.699262" 02="-0.714865" 20="0.714865" 22="0.699262" 30="69.910545" 31="9.887412" 32="104.655525"/>
			<size x="0.348652" y="0.814057" z="0.565746"/>
		</interactable>
		<interactable id="hangar_entrance_interact" parent_id="hangar_entrance" target_object_id="hangar_entrance_logic" label="Door">
			<transform 00="-0.707107" 02="-0.707107" 20="0.707107" 22="-0.707107" 30="74.46714" 31="9.836243" 32="109.770683"/>
			<size x="0.885602" y="1.756585" z="0.5"/>
		</interactable>
		<interactable id="door_01_interact" target_object_id="door_01_logic" label="Door">
			<transform 00="-0.707107" 02="-0.707107" 20="0.707107" 22="-0.707107" 30="136.537979" 31="12.934818" 32="108.106537"/>
			<size x="0.874728" y="1.546538" z="0.5"/>
		</interactable>
		<interactable id="door_02_interact" parent_id="door_02" target_object_id="door_02_logic" label="Door">
			<transform 00="-0.707107" 02="-0.707107" 20="0.707107" 22="-0.707107" 30="136.568069" 31="9.899839" 32="108.118149"/>
			<size x="0.838313" y="1.630641" z="0.5"/>
		</interactable>
		<interactable id="lights_office_interact" target_object_id="lights_office_logic" label="Lights">
			<transform 00="-0.707107" 02="-0.707107" 20="0.707107" 22="-0.707107" 30="135.9422" 31="12.938871" 32="107.697113"/>
			<size x="0.233864" y="0.244415" z="0.147147"/>
		</interactable>
		<interactable id="lamp_interact" target_object_id="lamp_01_logic" label="Light">
			<transform 00="-0.707107" 02="-0.707107" 20="0.707107" 22="-0.707107" 30="129.971085" 31="13.046816" 32="112.50399"/>
			<size x="0.616831" y="0.682033" z="0.5"/>
		</interactable>
		<interactable id="workbench_interact" target_object_id="hangar_edit" label="Workbench" interact_type="2">
			<transform 00="-0.707107" 02="-0.707107" 20="0.707107" 22="-0.707107" 30="114.604935" 31="9.899452" 32="72.649101"/>
			<size x="2.101367" y="1.679993" z="1.398168"/>
		</interactable>
		<interactable id="sale_sign_interact" label="Buy Island" interact_type="3">
			<transform 30="53.12455" 31="9.633229" 32="101.898048"/>
			<size x="2.281821" y="1.471496" z="2.094931"/>
		</interactable>
		<interactable id="interact11" label="Wardrobe" use_case="1" interact_type="4">
			<transform 00="0.707107" 02="-0.707107" 20="0.707107" 22="0.707107" 30="129.386307" 31="12.824283" 32="111.35186"/>
			<size x="0.5" y="2" z="1.2"/>
		</interactable>
	</interactables>
	<door_logic_nodes>
		<logic id="h_door_01_logic" target_a="h_door_01_closed" target_b="h_door_01_open" target_movable="h_door_01" anim_duration="320">
			<transform 00="-0.692941" 02="0.720994" 20="-0.720994" 22="-0.692941" 30="69.711098" 31="15.321538" 32="98.608192"/>
		</logic>
		<logic id="h_door_02_logic" target_a="h_door_02_closed" target_b="h_door_02_open" target_movable="h_door_02" anim_duration="320">
			<transform 00="-0.692941" 02="0.720994" 20="-0.720994" 22="-0.692941" 30="70.292679" 31="15.321538" 32="98.003067"/>
		</logic>
		<logic id="h_door_03_logic" target_a="h_door_03_closed" target_b="h_door_03_open" target_movable="h_door_03" anim_duration="320">
			<transform 00="-0.692941" 02="0.720994" 20="-0.720994" 22="-0.692941" 30="70.889786" 31="15.321538" 32="97.381783"/>
		</logic>
		<logic id="h_door_04_logic" target_a="h_door_04_closed" target_b="h_door_04_open" target_movable="d_door_04" anim_duration="320">
			<transform 00="-0.692941" 02="0.720994" 20="-0.720994" 22="-0.692941" 30="69.700089" 31="14.484987" 32="98.619644"/>
		</logic>
		<logic id="h_door_05_logic" target_a="h_door_05_closed" target_b="h_door_05_open" target_movable="h_door_05" anim_duration="320">
			<transform 00="-0.692941" 02="0.720994" 20="-0.720994" 22="-0.692941" 30="70.302444" 31="14.484987" 32="97.992905"/>
		</logic>
		<logic id="h_door_06_logic" target_a="h_door_06_closed" target_b="h_door_06_open" target_movable="h_door_06" anim_duration="320">
			<transform 00="-0.692941" 02="0.720994" 20="-0.720994" 22="-0.692941" 30="70.889938" 31="14.484987" 32="97.381638"/>
		</logic>
		<logic id="hangar_entrance_logic" target_a="hangar_entrance_closed" target_b="hangar_entrance_open" target_movable="hangar_entrance" anim_duration="60">
			<transform 00="0.701856" 02="0.712319" 20="-0.712319" 22="0.701856" 30="73.598984" 31="10.268198" 32="109.336441"/>
		</logic>
		<logic id="door_01_logic" target_a="door_01_closed" target_b="door_01_open" target_movable="door_01" anim_duration="60">
			<transform 00="-0.701681" 02="-0.712491" 20="0.712491" 22="-0.701681" 30="135.947525" 31="13.018504" 32="107.312088"/>
		</logic>
		<logic id="door_02_logic" target_a="door_02_closed" target_b="door_02_open" target_movable="door_02" anim_duration="60">
			<transform 00="-0.714708" 02="-0.699423" 20="0.699423" 22="-0.714708" 30="137.379776" 31="10.119661" 32="108.675598"/>
		</logic>
	</door_logic_nodes>
	<light_logic_nodes>
		<logic id="light_switch0" target="hangar_01" is_on="true" flash_on_duration="30" flash_off_duration="30">
			<transform 00="-0.69576" 02="0.718275" 20="-0.718275" 22="-0.69576" 30="69.636856" 31="12.099103" 32="98.681198"/>
		</logic>
		<logic id="light_switch1" target="hangar_02" is_on="true" flicker_duration="60" flash_on_duration="30" flash_off_duration="30">
			<transform 00="-0.69576" 02="0.718275" 20="-0.718275" 22="-0.69576" 30="70.102318" 31="12.099103" 32="98.200668"/>
		</logic>
		<logic id="light_switch2" target="hangar_03" is_on="true" flash_on_duration="30" flash_off_duration="30">
			<transform 00="-0.69576" 02="0.718275" 20="-0.718275" 22="-0.69576" 30="70.586693" 31="12.099103" 32="97.700615"/>
		</logic>
		<logic id="light_switch3" target="hangar_04" is_on="true" flicker_duration="180" flash_on_duration="30" flash_off_duration="30">
			<transform 00="-0.69576" 02="0.718275" 20="-0.718275" 22="-0.69576" 30="71.117805" 31="12.099103" 32="97.152313"/>
		</logic>
		<logic id="light_switch4" target="hangar_05" is_on="true" flicker_duration="50" flash_on_duration="30" flash_off_duration="30">
			<transform 00="-0.69576" 02="0.718275" 20="-0.718275" 22="-0.69576" 30="71.590981" 31="12.099103" 32="96.663826"/>
		</logic>
		<logic id="light_switch5" target="hangar_06" is_on="true" flicker_duration="130" flash_on_duration="30" flash_off_duration="30">
			<transform 00="-0.69576" 02="0.718275" 20="-0.718275" 22="-0.69576" 30="69.642014" 31="11.468426" 32="98.675865"/>
		</logic>
		<logic id="light_switch6" target="hangar_07" is_on="true" flash_on_duration="30" flash_off_duration="30">
			<transform 00="-0.69576" 02="0.718275" 20="-0.718275" 22="-0.69576" 30="70.104912" 31="11.468426" 32="98.19799"/>
		</logic>
		<logic id="light_switch7" target="hangar_08" is_on="true" flicker_duration="35" flash_on_duration="30" flash_off_duration="30">
			<transform 00="-0.69576" 02="0.718275" 20="-0.718275" 22="-0.69576" 30="70.610229" 31="11.468426" 32="97.676323"/>
		</logic>
		<logic id="light_switch8" target="hangar_09" is_on="true" flash_on_duration="30" flash_off_duration="30">
			<transform 00="-0.69576" 02="0.718275" 20="-0.718275" 22="-0.69576" 30="71.133835" 31="11.468426" 32="97.135773"/>
		</logic>
		<logic id="light_switch9" target="omni14" is_on="true" flash_on_duration="30" flash_off_duration="30">
			<transform 00="0.707107" 02="0.707107" 20="-0.707107" 22="0.707107" 30="135.843613" 31="13.687594" 32="107.598534"/>
		</logic>
		<logic id="light_switch10" target="omni15" is_on="true" flash_on_duration="30" flash_off_duration="30">
			<transform 00="0.707107" 02="0.707107" 20="-0.707107" 22="0.707107" 30="135.550735" 31="13.687594" 32="107.305656"/>
		</logic>
		<logic id="light_switch11" target="omni16" is_on="true" flash_on_duration="30" flash_off_duration="30">
			<transform 00="0.707107" 02="0.707107" 20="-0.707107" 22="0.707107" 30="135.255447" 31="13.694389" 32="107.010376"/>
		</logic>
		<logic id="light_switch12" target="omni17" is_on="true" flash_on_duration="30" flash_off_duration="30">
			<transform 00="0.707107" 02="0.707107" 20="-0.707107" 22="0.707107" 30="135.833466" 31="13.332828" 32="107.588402"/>
		</logic>
		<logic id="light_switch13" target="omni19" is_on="true" flash_on_duration="30" flash_off_duration="30">
			<transform 00="0.707107" 02="0.707107" 20="-0.707107" 22="0.707107" 30="135.543365" 31="13.332828" 32="107.298302"/>
		</logic>
		<logic id="light_switch14" target="omni18" is_on="true" flash_on_duration="30" flash_off_duration="30">
			<transform 00="0.707107" 02="0.707107" 20="-0.707107" 22="0.707107" 30="135.257858" 31="13.332828" 32="107.012802"/>
		</logic>
		<logic id="lamp_01_logic" target="lamp_01" is_on="true" flash_on_duration="30" flash_off_duration="30">
			<transform 00="-0.715463" 02="-0.698651" 20="0.698651" 22="-0.715463" 30="130.063263" 31="13.379112" 32="113.150566"/>
		</logic>
	</light_logic_nodes>
	<rotation_logic_nodes/>
	<hangar_door_logic_nodes>
		<logic id="hangar_lights_logic" target_id_0="light_switch0" target_id_1="light_switch1" target_id_2="light_switch2" target_id_3="light_switch3" target_id_4="light_switch4" target_id_5="light_switch5" target_id_6="light_switch6" target_id_7="light_switch7">
			<transform 00="-0.707928" 02="0.706284" 20="-0.706284" 22="-0.707928" 30="70.226303" 31="12.829945" 32="98.082619"/>
		</logic>
		<logic id="hangar_lights_all_logic" target_id_0="light_switch8" target_id_1="hangar_lights_logic">
			<transform 00="-0.707928" 02="0.706284" 20="-0.706284" 22="-0.707928" 30="70.907806" 31="12.829945" 32="97.402695"/>
		</logic>
		<logic id="hangar_doors_logic" target_id_0="h_door_01_logic" target_id_1="h_door_02_logic" target_id_2="h_door_03_logic" target_id_3="h_door_04_logic" target_id_4="h_door_05_logic" target_id_5="h_door_06_logic">
			<transform 00="-0.711191" 02="0.702999" 20="-0.702999" 22="-0.711191" 30="70.292679" 31="16.072765" 32="98.003067"/>
		</logic>
		<logic id="lights_office_logic" target_id_0="light_switch9" target_id_1="light_switch10" target_id_2="light_switch11" target_id_3="light_switch12" target_id_4="light_switch13" target_id_5="light_switch14">
			<transform 00="0.710388" 02="0.70381" 20="-0.70381" 22="0.710388" 30="135.655975" 31="12.91932" 32="107.402611"/>
		</logic>
	</hangar_door_logic_nodes>
	<audio_logic_nodes/>
	<tile_markers>
		<markers id="h_door_01_closed" marker_type="8" icon="1">
			<transform 00="-0.707107" 02="-0.707107" 20="0.707107" 22="-0.707107" 30="74.799576" 31="8.672104" 32="94.490349"/>
		</markers>
		<markers id="h_door_01_open" marker_type="8" icon="1">
			<transform 00="-0.707107" 02="-0.707107" 20="0.707107" 22="-0.707107" 30="71.018768" 31="8.672104" 32="98.271156"/>
		</markers>
		<markers id="h_door_02_closed" marker_type="8" icon="1">
			<transform 00="-0.707107" 02="-0.707107" 20="0.707107" 22="-0.707107" 30="79.893265" 31="8.672104" 32="89.725822"/>
		</markers>
		<markers id="h_door_02_open" marker_type="8" icon="1">
			<transform 00="-0.707107" 02="-0.707107" 20="0.707107" 22="-0.707107" 30="71.182167" 31="8.672104" 32="98.43692"/>
		</markers>
		<markers id="h_door_03_closed" marker_type="8" icon="1">
			<transform 00="-0.707107" 02="-0.707107" 20="0.707107" 22="-0.707107" 30="85.086685" 31="8.672104" 32="84.854668"/>
		</markers>
		<markers id="h_door_03_open" marker_type="8" icon="1">
			<transform 00="-0.707107" 02="-0.707107" 20="0.707107" 22="-0.707107" 30="71.341652" 31="8.672104" 32="98.599701"/>
		</markers>
		<markers id="h_door_04_closed" marker_type="8" icon="1">
			<transform 00="-0.707107" 02="-0.707107" 20="0.707107" 22="-0.707107" 30="90.396805" 31="8.672104" 32="79.543785"/>
		</markers>
		<markers id="h_door_04_open" marker_type="8" icon="1">
			<transform 00="-0.707107" 02="-0.707107" 20="0.707107" 22="-0.707107" 30="104.159309" 31="8.672104" 32="65.781281"/>
		</markers>
		<markers id="h_door_06_closed" marker_type="8" icon="1">
			<transform 00="-0.707107" 02="-0.707107" 20="0.707107" 22="-0.707107" 30="100.008797" 31="8.672104" 32="69.281128"/>
		</markers>
		<markers id="h_door_06_open" marker_type="8" icon="1">
			<transform 00="-0.707107" 02="-0.707107" 20="0.707107" 22="-0.707107" 30="103.837585" 31="8.672104" 32="65.452339"/>
		</markers>
		<markers id="h_door_05_closed" marker_type="8" icon="1">
			<transform 00="-0.707107" 02="-0.707107" 20="0.707107" 22="-0.707107" 30="95.160446" 31="8.672104" 32="74.454597"/>
		</markers>
		<markers id="h_door_05_open" marker_type="8" icon="1">
			<transform 00="-0.707107" 02="-0.707107" 20="0.707107" 22="-0.707107" 30="103.995308" 31="8.672104" 32="65.619736"/>
		</markers>
		<markers id="hangar_entrance_closed" marker_type="8" icon="1">
			<transform 00="-0.707107" 02="-0.707107" 20="0.707107" 22="-0.707107" 30="74.776855" 31="8.672104" 32="110.147751"/>
		</markers>
		<markers id="hangar_entrance_open" marker_type="8" icon="1">
			<transform 00="-0.840353" 02="0.54204" 20="-0.54204" 22="-0.840353" 30="74.776855" 31="8.672104" 32="110.147751"/>
		</markers>
		<markers id="door_01_closed" marker_type="8" icon="1">
			<transform 00="-0.707107" 02="-0.707107" 20="0.707107" 22="-0.707107" 30="136.849655" 31="11.652484" 32="108.481583"/>
		</markers>
		<markers id="door_01_open" marker_type="8" icon="1">
			<transform 00="-0.776353" 02="0.630298" 20="-0.630298" 22="-0.776353" 30="136.849655" 31="11.652484" 32="108.481583"/>
		</markers>
		<markers id="door_02_closed" marker_type="8" icon="1">
			<transform 00="0.707107" 02="0.707107" 20="-0.707107" 22="0.707107" 30="136.2314" 31="8.671954" 32="107.759483"/>
		</markers>
		<markers id="door_02_open" marker_type="8" icon="1">
			<transform 00="0.762064" 02="-0.647501" 20="0.647501" 22="0.762064" 30="136.2314" 31="8.671954" 32="107.759483"/>
		</markers>
		<markers id="tile_marker18" marker_type="5" icon="1">
			<transform 00="-0.184704" 02="-0.982794" 20="0.982794" 22="-0.184704" 30="131.216339" 31="13.120428" 32="110.562698"/>
		</markers>
		<markers id="tile_marker19" marker_type="6" icon="1">
			<transform 00="-0.697455" 02="0.716628" 20="-0.716628" 22="-0.697455" 30="131.260834" 31="34.779655" 32="112.582909"/>
		</markers>
		<markers id="tile_marker20" marker_type="7" icon="1">
			<transform 00="-0.697455" 02="0.716628" 20="-0.716628" 22="-0.697455" 30="110.306137" 31="34.779655" 32="92.18885"/>
		</markers>
		<markers id="oneill airbase" marker_type="13" string_data="ONeill Airbase" icon="10">
			<transform 30="-5.10939" 31="21.197678" 32="35.183315"/>
		</markers>
	</tile_markers>
	<mission_zones>
		<zone id="audio_indoor">
			<transform 00="0.707107" 02="-0.707107" 20="0.707107" 22="0.707107" 30="107.007401" 31="18.03632" 32="101.820816"/>
			<size x="57" y="20" z="55"/>
			<outer_scale x="1" y="1" z="1"/>
			<outer_offset/>
		</zone>
	</mission_zones>
	<dynamic_markers>
		<dynamic_marker id="dynamic_marker_item0" item_type="4">
			<transform 30="130.78656" 31="8.927777" 32="109.782875"/>
		</dynamic_marker>
	</dynamic_markers>
	<ladders/>
	<perches/>
	<fires/>
	<train_tracks>
		<track id="train_133">
			<transform 30="-76.830002" 31="6.27" 32="500"/>
			<links>
				<link id="train_136"/>
			</links>
		</track>
		<track id="train_134">
			<transform 30="-71.330002" 31="6.27" 32="500"/>
			<links>
				<link id="train_135"/>
			</links>
		</track>
		<track id="train_135">
			<transform 30="-69.778732" 31="6.27" 32="497.969025"/>
			<links>
				<link id="train_134"/>
				<link id="train_138"/>
			</links>
		</track>
		<track id="train_136">
			<transform 30="-73.204445" 31="6.27" 32="495.260529"/>
			<links>
				<link id="train_133"/>
				<link id="train_137"/>
			</links>
		</track>
		<track id="train_137">
			<transform 30="-57.105526" 31="6.35148" 32="475.250732"/>
			<links>
				<link id="train_139"/>
				<link id="train_136"/>
			</links>
		</track>
		<track id="train_138">
			<transform 30="-53.758038" 31="6.35148" 32="478.07016"/>
			<links>
				<link id="train_140"/>
				<link id="train_135"/>
			</links>
		</track>
		<track id="train_139">
			<transform 30="-44.419479" 31="6.396362" 32="459.949707"/>
			<links>
				<link id="train_141"/>
				<link id="train_137"/>
			</links>
		</track>
		<track id="train_140">
			<transform 30="-41.039745" 31="6.396362" 32="462.746582"/>
			<links>
				<link id="train_142"/>
				<link id="train_138"/>
			</links>
		</track>
		<track id="train_141">
			<transform 30="-31.809996" 31="6.448456" 32="445.035522"/>
			<links>
				<link id="train_143"/>
				<link id="train_139"/>
			</links>
		</track>
		<track id="train_142">
			<transform 30="-28.490435" 31="6.448456" 32="447.878815"/>
			<links>
				<link id="train_144"/>
				<link id="train_140"/>
			</links>
		</track>
		<track id="train_143">
			<transform 30="-19.263161" 31="6.516823" 32="430.447357"/>
			<links>
				<link id="train_145"/>
				<link id="train_141"/>
			</links>
		</track>
		<track id="train_144">
			<transform 30="-16.007317" 31="6.516823" 32="433.36499"/>
			<links>
				<link id="train_146"/>
				<link id="train_142"/>
			</links>
		</track>
		<track id="train_145">
			<transform 30="-6.754292" 31="6.559381" 32="416.178986"/>
			<links>
				<link id="train_147"/>
				<link id="train_143"/>
			</links>
		</track>
		<track id="train_146">
			<transform 30="-3.553076" 31="6.559381" 32="419.147186"/>
			<links>
				<link id="train_148"/>
				<link id="train_144"/>
			</links>
		</track>
		<track id="train_147">
			<transform 30="5.675005" 31="6.597945" 32="402.238647"/>
			<links>
				<link id="train_149"/>
				<link id="train_145"/>
			</links>
		</track>
		<track id="train_148">
			<transform 30="8.893387" 31="6.597945" 32="405.202026"/>
			<links>
				<link id="train_150"/>
				<link id="train_146"/>
			</links>
		</track>
		<track id="train_149">
			<transform 30="18.105106" 31="6.651112" 32="388.566681"/>
			<links>
				<link id="train_151"/>
				<link id="train_147"/>
			</links>
		</track>
		<track id="train_150">
			<transform 30="21.344559" 31="6.651112" 32="391.502014"/>
			<links>
				<link id="train_153"/>
				<link id="train_148"/>
			</links>
		</track>
		<track id="train_151">
			<transform 30="30.578033" 31="6.704518" 32="375.064606"/>
			<links>
				<link id="train_152"/>
				<link id="train_149"/>
			</links>
		</track>
		<track id="train_152">
			<transform 30="43.05394" 31="6.736049" 32="361.813629"/>
			<links>
				<link id="train_155"/>
				<link id="train_151"/>
			</links>
		</track>
		<track id="train_153">
			<transform 30="33.792034" 31="6.704518" 32="378.041382"/>
			<links>
				<link id="train_154"/>
				<link id="train_150"/>
			</links>
		</track>
		<track id="train_154">
			<transform 30="46.217453" 31="6.736049" 32="364.84906"/>
			<links>
				<link id="train_156"/>
				<link id="train_153"/>
			</links>
		</track>
		<track id="train_155">
			<transform 30="55.588764" 31="6.766984" 32="348.72171"/>
			<links>
				<link id="train_157"/>
				<link id="train_152"/>
			</links>
		</track>
		<track id="train_156">
			<transform 30="58.728737" 31="6.766984" 32="351.759247"/>
			<links>
				<link id="train_158"/>
				<link id="train_154"/>
			</links>
		</track>
		<track id="train_157">
			<transform 30="68.194252" 31="6.819197" 32="335.739746"/>
			<links>
				<link id="train_159"/>
				<link id="train_155"/>
			</links>
		</track>
		<track id="train_158">
			<transform 30="71.302071" 31="6.819197" 32="338.82077"/>
			<links>
				<link id="train_160"/>
				<link id="train_156"/>
			</links>
		</track>
		<track id="train_159">
			<transform 30="80.875412" 31="6.846913" 32="322.909912"/>
			<links>
				<link id="train_161"/>
				<link id="train_157"/>
			</links>
		</track>
		<track id="train_160">
			<transform 30="83.983047" 31="6.846913" 32="325.988007"/>
			<links>
				<link id="train_162"/>
				<link id="train_158"/>
			</links>
		</track>
		<track id="train_161">
			<transform 30="93.692017" 31="6.887087" 32="310.117706"/>
			<links>
				<link id="train_163"/>
				<link id="train_159"/>
			</links>
		</track>
		<track id="train_162">
			<transform 30="96.735344" 31="6.887087" 32="313.262268"/>
			<links>
				<link id="train_164"/>
				<link id="train_160"/>
			</links>
		</track>
		<track id="train_163">
			<transform 30="106.559654" 31="6.917247" 32="297.434326"/>
			<links>
				<link id="train_165"/>
				<link id="train_161"/>
			</links>
		</track>
		<track id="train_164">
			<transform 30="109.587448" 31="6.917247" 32="300.602631"/>
			<links>
				<link id="train_166"/>
				<link id="train_162"/>
			</links>
		</track>
		<track id="train_165">
			<transform 30="119.660751" 31="6.95146" 32="284.713806"/>
			<links>
				<link id="train_167"/>
				<link id="train_163"/>
			</links>
		</track>
		<track id="train_166">
			<transform 30="122.675819" 31="6.95146" 32="287.906891"/>
			<links>
				<link id="train_168"/>
				<link id="train_164"/>
			</links>
		</track>
		<track id="train_167">
			<transform 30="132.888351" 31="6.980487" 32="272.009064"/>
			<links>
				<link id="train_169"/>
				<link id="train_165"/>
			</links>
		</track>
		<track id="train_168">
			<transform 30="135.919693" 31="6.980487" 32="275.178864"/>
			<links>
				<link id="train_170"/>
				<link id="train_166"/>
			</links>
		</track>
		<track id="train_169">
			<transform 30="146.295731" 31="7.011005" 32="259.299896"/>
			<links>
				<link id="train_171"/>
				<link id="train_167"/>
			</links>
		</track>
		<track id="train_170">
			<transform 30="149.332581" 31="7.011005" 32="262.466003"/>
			<links>
				<link id="train_172"/>
				<link id="train_168"/>
			</links>
		</track>
		<track id="train_171">
			<transform 30="159.933472" 31="7.022866" 32="246.478775"/>
			<links>
				<link id="train_173"/>
				<link id="train_169"/>
			</links>
		</track>
		<track id="train_172">
			<transform 30="162.896362" 31="7.022866" 32="249.698257"/>
			<links>
				<link id="train_174"/>
				<link id="train_170"/>
			</links>
		</track>
		<track id="train_173">
			<transform 30="173.794235" 31="7.051178" 32="233.561462"/>
			<links>
				<link id="train_175"/>
				<link id="train_171"/>
			</links>
		</track>
		<track id="train_174">
			<transform 30="176.71254" 31="7.051178" 32="236.792633"/>
			<links>
				<link id="train_176"/>
				<link id="train_172"/>
			</links>
		</track>
		<track id="train_175">
			<transform 30="187.880371" 31="7.058212" 32="220.504868"/>
			<links>
				<link id="train_177"/>
				<link id="train_173"/>
			</links>
		</track>
		<track id="train_176">
			<transform 30="190.841949" 31="7.062086" 32="223.733536"/>
			<links>
				<link id="train_178"/>
				<link id="train_174"/>
			</links>
		</track>
		<track id="train_177">
			<transform 30="202.222946" 31="7.075676" 32="207.320358"/>
			<links>
				<link id="train_179"/>
				<link id="train_175"/>
			</links>
		</track>
		<track id="train_178">
			<transform 30="205.149445" 31="7.077106" 32="210.559387"/>
			<links>
				<link id="train_180"/>
				<link id="train_176"/>
			</links>
		</track>
		<track id="train_179">
			<transform 30="216.833023" 31="7.077106" 32="193.929871"/>
			<links>
				<link id="train_181"/>
				<link id="train_177"/>
			</links>
		</track>
		<track id="train_180">
			<transform 30="219.786621" 31="7.077106" 32="197.189468"/>
			<links>
				<link id="train_183"/>
				<link id="train_178"/>
			</links>
		</track>
		<track id="train_181">
			<transform 30="231.774277" 31="7.099637" 32="180.361481"/>
			<links>
				<link id="train_184"/>
				<link id="train_179"/>
			</links>
		</track>
		<track id="train_183">
			<transform 30="234.718445" 31="7.099637" 32="183.585251"/>
			<links>
				<link id="train_185"/>
				<link id="train_180"/>
			</links>
		</track>
		<track id="train_184">
			<transform 30="247.063522" 31="7.099637" 32="166.460052"/>
			<links>
				<link id="train_186"/>
				<link id="train_181"/>
			</links>
		</track>
		<track id="train_185">
			<transform 30="249.967468" 31="7.099637" 32="169.712921"/>
			<links>
				<link id="train_187"/>
				<link id="train_183"/>
			</links>
		</track>
		<track id="train_186">
			<transform 30="262.642853" 31="7.099637" 32="152.340408"/>
			<links>
				<link id="train_188"/>
				<link id="train_184"/>
			</links>
		</track>
		<track id="train_187">
			<transform 30="265.559448" 31="7.099637" 32="155.59166"/>
			<links>
				<link id="train_189"/>
				<link id="train_185"/>
			</links>
		</track>
		<track id="train_188">
			<transform 30="278.618317" 31="7.099637" 32="137.879318"/>
			<links>
				<link id="train_190"/>
				<link id="train_186"/>
			</links>
		</track>
		<track id="train_189">
			<transform 30="281.511444" 31="7.099637" 32="141.159531"/>
			<links>
				<link id="train_191"/>
				<link id="train_187"/>
			</links>
		</track>
		<track id="train_190">
			<transform 30="294.956238" 31="7.099637" 32="123.09906"/>
			<links>
				<link id="train_192"/>
				<link id="train_188"/>
			</links>
		</track>
		<track id="train_191">
			<transform 30="297.91275" 31="7.099637" 32="126.33213"/>
			<links>
				<link id="train_193"/>
				<link id="train_189"/>
			</links>
		</track>
		<track id="train_192">
			<transform 30="311.70578" 31="7.099637" 32="107.924393"/>
			<links>
				<link id="train_194"/>
				<link id="train_190"/>
			</links>
		</track>
		<track id="train_193">
			<transform 30="314.649414" 31="7.099637" 32="111.188164"/>
			<links>
				<link id="train_195"/>
				<link id="train_191"/>
			</links>
		</track>
		<track id="train_194">
			<transform 30="328.86322" 31="7.099637" 32="92.373093"/>
			<links>
				<link id="train_197"/>
				<link id="train_192"/>
			</links>
		</track>
		<track id="train_195">
			<transform 30="331.805054" 31="7.099637" 32="95.62011"/>
			<links>
				<link id="train_196"/>
				<link id="train_193"/>
			</links>
		</track>
		<track id="train_196">
			<transform 30="349.437103" 31="7.099637" 32="79.612511"/>
			<links>
				<link id="train_198"/>
				<link id="train_195"/>
			</links>
		</track>
		<track id="train_197">
			<transform 30="346.472351" 31="7.099637" 32="76.393501"/>
			<links>
				<link id="train_199"/>
				<link id="train_194"/>
			</links>
		</track>
		<track id="train_198">
			<transform 30="367.507843" 31="7.099637" 32="63.195545"/>
			<links>
				<link id="train_201"/>
				<link id="train_196"/>
			</links>
		</track>
		<track id="train_199">
			<transform 30="364.569702" 31="7.099637" 32="59.916546"/>
			<links>
				<link id="train_200"/>
				<link id="train_197"/>
			</links>
		</track>
		<track id="train_200">
			<transform 30="382.429962" 31="7.099637" 32="43.745773"/>
			<links>
				<link id="train_202"/>
				<link id="train_199"/>
			</links>
		</track>
		<track id="train_201">
			<transform 30="385.315186" 31="7.099637" 32="47.058838"/>
			<links>
				<link id="train_203"/>
				<link id="train_198"/>
			</links>
		</track>
		<track id="train_202">
			<transform 30="399.825256" 31="7.099637" 32="29.362785"/>
			<links>
				<link id="train_204"/>
				<link id="train_200"/>
			</links>
		</track>
		<track id="train_203">
			<transform 30="402.521606" 31="7.099637" 32="32.814373"/>
			<links>
				<link id="train_205"/>
				<link id="train_201"/>
			</links>
		</track>
		<track id="train_204">
			<transform 30="417.697571" 31="7.099637" 32="16.131214"/>
			<links>
				<link id="train_206"/>
				<link id="train_202"/>
			</links>
		</track>
		<track id="train_205">
			<transform 30="420.18866" 31="7.099637" 32="19.745104"/>
			<links>
				<link id="train_207"/>
				<link id="train_203"/>
			</links>
		</track>
		<track id="train_206">
			<transform 30="435.98349" 31="7.099637" 32="4.039578"/>
			<links>
				<link id="train_208"/>
				<link id="train_204"/>
			</links>
		</track>
		<track id="train_207">
			<transform 30="438.304016" 31="7.099637" 32="7.777326"/>
			<links>
				<link id="train_209"/>
				<link id="train_205"/>
			</links>
		</track>
		<track id="train_208">
			<transform 30="454.679321" 31="7.099637" 32="-7.015265"/>
			<links>
				<link id="train_210"/>
				<link id="train_206"/>
			</links>
		</track>
		<track id="train_209">
			<transform 30="456.827118" 31="7.099637" 32="-3.171957"/>
			<links>
				<link id="train_211"/>
				<link id="train_207"/>
			</links>
		</track>
		<track id="train_210">
			<transform 30="473.738525" 31="7.099637" 32="-17.035849"/>
			<links>
				<link id="train_212"/>
				<link id="train_208"/>
			</links>
		</track>
		<track id="train_211">
			<transform 30="475.674438" 31="7.099637" 32="-13.105876"/>
			<links>
				<link id="train_213"/>
				<link id="train_209"/>
			</links>
		</track>
		<track id="train_212">
			<transform 30="493.086334" 31="7.099637" 32="-26.117779"/>
			<links>
				<link id="train_215"/>
				<link id="train_210"/>
			</links>
		</track>
		<track id="train_213">
			<transform 30="494.887909" 31="7.099637" 32="-22.140659"/>
			<links>
				<link id="train_214"/>
				<link id="train_211"/>
			</links>
		</track>
		<track id="train_214">
			<transform 30="500" 31="7.099637" 32="-24.27841"/>
			<links>
				<link id="train_213"/>
			</links>
		</track>
		<track id="train_215">
			<transform 30="500" 31="7.099637" 32="-29.020258"/>
			<links>
				<link id="train_212"/>
			</links>
		</track>
	</train_tracks>
	<volcano_markers/>
	<mineral_rocks/>
</definition>

